model,train_size,test_size,n_features,fit_time,pred_time,r2,mae,rmse,mse,target_fips,iteration,n_counties,status,experiment_name,experiment_description,hyperparam_max_depth,hyperparam_learning_rate,hyperparam_n_estimators,hyperparam_subsample,hyperparam_colsample_bytree,hyperparam_min_child_weight,hyperparam_reg_alpha,hyperparam_reg_lambda,hyperparam_gamma,tune_time
tabpfn,359,50,39,33.18302345275879,8.171154499053955,0.44893921394804803,80796.50300781251,117034.62893184097,13697104369.213709,1011,0,9,success,cross_county_small,Cross-county generalization test with small counties,,,,,,,,,,
xgboost,359,50,39,19.364537477493286,0.003111600875854492,0.5864548752405827,67414.03726562503,101385.55467143777,10279030696.035097,1011,0,9,success,cross_county_small,Cross-county generalization test with small counties,3.0,0.011495650695505982,850.0,0.645304467578982,0.6003514837722708,1.0,3.9827680898058405e-07,5.709761190113988,9.738273262823851e-05,18.777349710464478
tabpfn,359,50,39,0.30670714378356934,0.44098401069641113,0.5535636368322314,68829.37882812503,121862.39842572228,14850444150.06948,1011,1,9,success,cross_county_small,Cross-county generalization test with small counties,,,,,,,,,,
xgboost,359,50,39,15.0905921459198,0.0028998851776123047,0.4791246149124472,69850.14812500004,131630.59908879502,17326614616.475082,1011,1,9,success,cross_county_small,Cross-county generalization test with small counties,4.0,0.04090099278589117,100.0,0.7723917796530066,0.6606971432206057,3.0,0.34150016639240593,6.186676905279996,1.0001888017367326e-06,15.053040981292725
tabpfn,359,50,39,0.30338263511657715,0.42073655128479004,0.3659982817555827,99371.35792968754,181500.0676955022,32942274573.471874,1011,2,9,success,cross_county_small,Cross-county generalization test with small counties,,,,,,,,,,
xgboost,359,50,39,19.01933765411377,0.0030722618103027344,0.4814606589119652,92616.55404296878,164143.02381194814,26942932266.129772,1011,2,9,success,cross_county_small,Cross-county generalization test with small counties,3.0,0.023925178817694872,650.0,0.6422713792956115,0.9375869087157294,2.0,0.3755143163232978,4.288045324481134,1.4591656154026852e-06,18.866862058639526
tabpfn,359,50,39,0.31678342819213867,0.4394984245300293,0.4403870182122228,82314.07460937503,149655.27886723273,22396702492.829193,1011,3,9,success,cross_county_small,Cross-county generalization test with small counties,,,,,,,,,,
xgboost,359,50,39,20.1809139251709,0.0029420852661132812,0.5120546922624738,77913.44494140627,139744.17794079005,19528435268.34719,1011,3,9,success,cross_county_small,Cross-county generalization test with small counties,7.0,0.10074879557565444,1000.0,0.9614666025356848,0.833433837817464,2.0,9.811623096680084e-05,4.598621126924214,0.5457227498951437,20.049715042114258
tabpfn,359,50,39,0.30310726165771484,0.4154796600341797,0.30113109560393114,70934.60402343751,129026.50511258085,16647839021.566853,1011,4,9,success,cross_county_small,Cross-county generalization test with small counties,,,,,,,,,,
xgboost,359,50,39,17.909902334213257,0.002900362014770508,0.4136525979459976,68153.07710937501,118183.97088864054,13967450975.007034,1011,4,9,success,cross_county_small,Cross-county generalization test with small counties,8.0,0.11578499172440077,500.0,0.9575924484328738,0.962238361117828,3.0,0.1967932076616343,4.661915294630129,0.6366914510026263,17.835787773132324
tabpfn,359,50,39,0.3077704906463623,0.4318881034851074,0.28562712857908745,71777.23179687503,136235.23153152448,18560038310.448082,1011,5,9,success,cross_county_small,Cross-county generalization test with small counties,,,,,,,,,,
xgboost,359,50,39,17.79935622215271,0.0028829574584960938,0.3117806476218792,68871.56484375003,133718.16174497444,17880546780.455143,1011,5,9,success,cross_county_small,Cross-county generalization test with small counties,3.0,0.03244578150181671,150.0,0.6143783302780763,0.9557166196822359,1.0,0.7307941438802519,8.907676495690326,0.009504779219230321,17.752541303634644
tabpfn,359,50,39,0.30596280097961426,0.43602538108825684,0.5617721260500714,68054.8109375,119518.62444905358,14284701590.193907,1011,6,9,success,cross_county_small,Cross-county generalization test with small counties,,,,,,,,,,
xgboost,359,50,39,18.970855951309204,0.0028586387634277344,0.631492976613407,61595.658867187536,109599.47453949868,12012044819.334219,1011,6,9,success,cross_county_small,Cross-county generalization test with small counties,4.0,0.08903543118326139,100.0,0.7092043420804736,0.9054989579659412,3.0,0.0018078501708576273,1.315926964812685,2.352188889385105e-05,18.9325213432312
tabpfn,359,50,39,0.31523895263671875,0.42310357093811035,0.2907684920816087,89319.15812500002,170221.72660009435,28975436206.717266,1011,7,9,success,cross_county_small,Cross-county generalization test with small counties,,,,,,,,,,
xgboost,359,50,39,18.397114038467407,0.002969980239868164,0.4700833630140434,81801.50378906252,147137.96937332026,21649582031.304127,1011,7,9,success,cross_county_small,Cross-county generalization test with small counties,3.0,0.05591625204156578,400.0,0.8742922281974993,0.8297493690000942,3.0,0.006821218005208714,6.99542988387267,0.00018390400581005977,18.305432081222534
tabpfn,359,50,39,0.3068504333496094,0.4316701889038086,0.3410827907690417,81763.76359375002,172485.74010002974,29751330537.85501,1011,8,9,success,cross_county_small,Cross-county generalization test with small counties,,,,,,,,,,
xgboost,359,50,39,14.592395305633545,0.002899169921875,0.3633830191368258,81508.86656250003,169541.83550690874,28744433987.0517,1011,8,9,success,cross_county_small,Cross-county generalization test with small counties,3.0,0.028783671108403634,350.0,0.8152838490582838,0.6960724790744685,1.0,0.0001619959665877462,0.49646421459597745,4.8319317650350606e-05,14.443053245544434
tabpfn,359,50,39,0.3078315258026123,0.4346776008605957,0.3946899647182335,76267.64103515627,138267.7059921801,19117958520.33996,1011,9,9,success,cross_county_small,Cross-county generalization test with small counties,,,,,,,,,,
xgboost,359,50,39,16.126025676727295,0.0029048919677734375,0.39670023275611743,77536.32984375002,138037.91770690551,19054466724.85842,1011,9,9,success,cross_county_small,Cross-county generalization test with small counties,4.0,0.1392562987042604,900.0,0.8466258166851549,0.6378806187768278,3.0,0.034721529980355596,3.049719576286194,0.8295948637617981,16.016528367996216
tabpfn,392,17,21,0.25362300872802734,0.36806678771972656,0.2530847715871162,58280.81663602937,87363.7659544034,7632427601.735775,1041,0,9,success,cross_county_small,Cross-county generalization test with small counties,,,,,,,,,,
xgboost,392,17,21,15.385002136230469,0.0019593238830566406,0.5602085854843579,52090.80422794114,67037.69343814168,4494052341.506264,1041,0,9,success,cross_county_small,Cross-county generalization test with small counties,3.0,0.011605838090136896,500.0,0.8507238517471758,0.9780902779617829,9.0,0.003011945847767389,1.4790748230181465,3.531842829794105e-05,15.289628505706787
tabpfn,392,17,21,0.25490546226501465,0.30861330032348633,0.2530847715871164,58280.81663602937,87363.7659544034,7632427601.735775,1041,1,9,success,cross_county_small,Cross-county generalization test with small counties,,,,,,,,,,
xgboost,392,17,21,15.377441644668579,0.0019481182098388672,0.560208585484358,52090.80422794114,67037.69343814168,4494052341.506264,1041,1,9,success,cross_county_small,Cross-county generalization test with small counties,3.0,0.011605838090136896,500.0,0.8507238517471758,0.9780902779617829,9.0,0.003011945847767389,1.4790748230181465,3.531842829794105e-05,15.283603191375732
tabpfn,392,17,21,0.25070619583129883,0.3092002868652344,0.2530847715871164,58280.81663602937,87363.7659544034,7632427601.735775,1041,2,9,success,cross_county_small,Cross-county generalization test with small counties,,,,,,,,,,
xgboost,392,17,21,17.760761737823486,0.0019881725311279297,0.560208585484358,52090.80422794114,67037.69343814168,4494052341.506264,1041,2,9,success,cross_county_small,Cross-county generalization test with small counties,3.0,0.011605838090136896,500.0,0.8507238517471758,0.9780902779617829,9.0,0.003011945847767389,1.4790748230181465,3.531842829794105e-05,17.65131187438965
tabpfn,392,17,21,0.2492070198059082,0.3110370635986328,0.2530847715871162,58280.81663602937,87363.7659544034,7632427601.735775,1041,3,9,success,cross_county_small,Cross-county generalization test with small counties,,,,,,,,,,
xgboost,392,17,21,18.194937467575073,0.0019898414611816406,0.5602085854843579,52090.80422794114,67037.69343814168,4494052341.506264,1041,3,9,success,cross_county_small,Cross-county generalization test with small counties,3.0,0.011605838090136896,500.0,0.8507238517471758,0.9780902779617829,9.0,0.003011945847767389,1.4790748230181465,3.531842829794105e-05,18.085092067718506
tabpfn,392,17,21,0.25503039360046387,0.31043529510498047,0.2530847715871164,58280.81663602937,87363.7659544034,7632427601.735775,1041,4,9,success,cross_county_small,Cross-county generalization test with small counties,,,,,,,,,,
xgboost,392,17,21,18.19657325744629,0.0020122528076171875,0.560208585484358,52090.80422794114,67037.69343814168,4494052341.506264,1041,4,9,success,cross_county_small,Cross-county generalization test with small counties,3.0,0.011605838090136896,500.0,0.8507238517471758,0.9780902779617829,9.0,0.003011945847767389,1.4790748230181465,3.531842829794105e-05,18.08670735359192
tabpfn,392,17,21,1.223264217376709,0.3103349208831787,0.2530847715871163,58280.81663602937,87363.7659544034,7632427601.735774,1041,5,9,success,cross_county_small,Cross-county generalization test with small counties,,,,,,,,,,
xgboost,392,17,21,18.27500343322754,0.002020120620727539,0.5602085854843579,52090.80422794114,67037.69343814168,4494052341.506264,1041,5,9,success,cross_county_small,Cross-county generalization test with small counties,3.0,0.011605838090136896,500.0,0.8507238517471758,0.9780902779617829,9.0,0.003011945847767389,1.4790748230181465,3.531842829794105e-05,18.164061069488525
tabpfn,392,17,21,0.24587655067443848,0.3132500648498535,0.2530847715871163,58280.816636029376,87363.7659544034,7632427601.735774,1041,6,9,success,cross_county_small,Cross-county generalization test with small counties,,,,,,,,,,
xgboost,392,17,21,17.96444344520569,0.0019729137420654297,0.5602085854843579,52090.804227941146,67037.69343814168,4494052341.506264,1041,6,9,success,cross_county_small,Cross-county generalization test with small counties,3.0,0.011605838090136896,500.0,0.8507238517471758,0.9780902779617829,9.0,0.003011945847767389,1.4790748230181465,3.531842829794105e-05,17.868216037750244
tabpfn,392,17,21,0.2508418560028076,0.31009387969970703,0.2530847715871164,58280.816636029376,87363.7659544034,7632427601.735775,1041,7,9,success,cross_county_small,Cross-county generalization test with small counties,,,,,,,,,,
xgboost,392,17,21,16.115330934524536,0.001960277557373047,0.560208585484358,52090.804227941146,67037.69343814168,4494052341.506264,1041,7,9,success,cross_county_small,Cross-county generalization test with small counties,3.0,0.011605838090136896,500.0,0.8507238517471758,0.9780902779617829,9.0,0.003011945847767389,1.4790748230181465,3.531842829794105e-05,16.018377780914307
tabpfn,392,17,21,0.24922895431518555,0.3108494281768799,0.25308477158711606,58280.81663602937,87363.7659544034,7632427601.735775,1041,8,9,success,cross_county_small,Cross-county generalization test with small counties,,,,,,,,,,
xgboost,392,17,21,16.274485111236572,0.0019719600677490234,0.5602085854843579,52090.80422794114,67037.69343814168,4494052341.506264,1041,8,9,success,cross_county_small,Cross-county generalization test with small counties,3.0,0.011605838090136896,500.0,0.8507238517471758,0.9780902779617829,9.0,0.003011945847767389,1.4790748230181465,3.531842829794105e-05,16.165833950042725
tabpfn,392,17,21,0.2520170211791992,0.31188011169433594,0.2530847715871163,58280.81663602937,87363.76595440341,7632427601.735776,1041,9,9,success,cross_county_small,Cross-county generalization test with small counties,,,,,,,,,,
xgboost,392,17,21,16.26216769218445,0.0019683837890625,0.560208585484358,52090.804227941146,67037.69343814168,4494052341.506264,1041,9,9,success,cross_county_small,Cross-county generalization test with small counties,3.0,0.011605838090136896,500.0,0.8507238517471758,0.9780902779617829,9.0,0.003011945847767389,1.4790748230181465,3.531842829794105e-05,16.162949323654175
tabpfn,359,50,42,0.3103342056274414,0.4145486354827881,0.3104765710376458,66966.31445312501,96684.12675797526,9347820366.952229,1065,0,9,success,cross_county_small,Cross-county generalization test with small counties,,,,,,,,,,
xgboost,359,50,42,14.603627443313599,0.0031714439392089844,0.4600841628749912,65594.22335937501,85554.66570491479,7319600823.879723,1065,0,9,success,cross_county_small,Cross-county generalization test with small counties,8.0,0.035224942342752405,250.0,0.6881310327273453,0.8309152655800696,6.0,7.377718804727344e-06,3.318603073864226,1.8008082207627196,14.473985433578491
tabpfn,359,50,42,0.2878596782684326,0.4144399166107178,0.32322131836935275,68224.0052734375,88536.57268659178,7838724703.088151,1065,1,9,success,cross_county_small,Cross-county generalization test with small counties,,,,,,,,,,
xgboost,359,50,42,27.857630968093872,0.004091978073120117,0.4640242996464998,61089.533164062515,78790.14891457603,6207887565.981067,1065,1,9,success,cross_county_small,Cross-county generalization test with small counties,3.0,0.01114308942888757,900.0,0.8104117293686632,0.7469563829953948,5.0,2.26845821890905e-08,4.696843351530404,6.061588753523941e-05,27.642508029937744
tabpfn,359,50,42,0.3184325695037842,0.4427945613861084,0.5489465161053689,53680.94695312502,74093.95079423749,5489913544.298886,1065,2,9,success,cross_county_small,Cross-county generalization test with small counties,,,,,,,,,,
xgboost,359,50,42,22.693102836608887,0.0033349990844726562,0.5470997350965718,56265.73558593752,74245.47996805332,5512391295.686606,1065,2,9,success,cross_county_small,Cross-county generalization test with small counties,3.0,0.03798208685991854,850.0,0.8149979496306371,0.7974251183637835,2.0,0.02905348403623038,9.600262134573082,0.5207154907491639,22.558589696884155
tabpfn,359,50,42,0.3234384059906006,0.42902398109436035,0.47026099696517887,55930.09109375,73660.77088153818,5425909166.862463,1065,3,9,success,cross_county_small,Cross-county generalization test with small counties,,,,,,,,,,
xgboost,359,50,42,24.420910358428955,0.003228902816772461,0.5577602181472634,52348.17335937501,67302.96359176525,4529688908.234478,1065,3,9,success,cross_county_small,Cross-county generalization test with small counties,3.0,0.01808011747259077,400.0,0.9945031298268334,0.6617618924129955,5.0,0.00015466296324433837,9.148251132950652,4.192652724534185e-06,24.33335828781128
tabpfn,359,50,42,0.29077696800231934,0.4317283630371094,0.2357010948342927,69575.5723828125,90925.78544716469,8267498459.183825,1065,4,9,success,cross_county_small,Cross-county generalization test with small counties,,,,,,,,,,
xgboost,359,50,42,16.65318727493286,0.0031740665435791016,0.22745900895746662,71198.06425781251,91414.73587255187,8356653934.648423,1065,4,9,success,cross_county_small,Cross-county generalization test with small counties,5.0,0.25264096696074856,400.0,0.9572697884479712,0.8377970815683483,7.0,1.752655526420834e-05,0.31756671774138645,0.6968695639266477,16.59403681755066
tabpfn,359,50,42,0.30292677879333496,0.42569541931152344,0.2516274112208562,71307.585859375,91765.93311403051,8420986480.288721,1065,5,9,success,cross_county_small,Cross-county generalization test with small counties,,,,,,,,,,
xgboost,359,50,42,14.805177688598633,0.0031731128692626953,0.3410596531878427,66081.969921875,86108.41578316351,7414659268.686163,1065,5,9,success,cross_county_small,Cross-county generalization test with small counties,9.0,0.29940214978875335,550.0,0.9649159968153941,0.9614782524211877,7.0,0.001296139029094686,0.34878178408727106,1.5629997335744488,14.731639385223389
tabpfn,359,50,42,0.29048609733581543,0.4169769287109375,0.3726686364668951,62993.11625000001,89177.10514996338,7952556082.927626,1065,6,9,success,cross_county_small,Cross-county generalization test with small counties,,,,,,,,,,
xgboost,359,50,42,13.943644762039185,0.003182649612426758,0.476853007180325,62425.50023437501,81436.0567833127,6631831344.414929,1065,6,9,success,cross_county_small,Cross-county generalization test with small counties,3.0,0.02202880827937499,250.0,0.9193893608239483,0.9630413358613775,6.0,4.387740582781304e-05,2.4962925003977503,0.0014440904211029419,13.881532430648804
tabpfn,359,50,42,0.29094696044921875,0.4286782741546631,0.3641344065766017,56942.9772265625,74304.66375110442,5521183055.164692,1065,7,9,success,cross_county_small,Cross-county generalization test with small counties,,,,,,,,,,
xgboost,359,50,42,20.216308116912842,0.003239870071411133,0.2509657437836674,63125.0671484375,80646.26346114097,6503819810.243762,1065,7,9,success,cross_county_small,Cross-county generalization test with small counties,8.0,0.022542253507426443,500.0,0.6418449297159912,0.859006187723335,1.0,0.0038874367362746126,0.10549744050522121,1.777946832219277,20.124289751052856
tabpfn,359,50,42,0.2871851921081543,0.41426968574523926,0.09769216968780103,80388.28789062501,111525.75126664955,12437993195.590582,1065,8,9,success,cross_county_small,Cross-county generalization test with small counties,,,,,,,,,,
xgboost,359,50,42,15.899524450302124,0.0031898021697998047,0.4519013906279742,63005.9718359375,86921.48641243891,7555344800.147801,1065,8,9,success,cross_county_small,Cross-county generalization test with small counties,3.0,0.04828940340665446,250.0,0.8704439901788261,0.9510398931079785,9.0,0.004710962221350323,2.277866301639116,0.4943297341928217,15.842159271240234
tabpfn,359,50,42,0.30744218826293945,0.41373348236083984,0.03395081807684042,89467.9955859375,116933.80271943405,13673514218.427525,1065,9,9,success,cross_county_small,Cross-county generalization test with small counties,,,,,,,,,,
xgboost,359,50,42,18.08619213104248,0.0033385753631591797,0.2100735734203676,81784.32273437502,105738.65365443208,11180662876.651943,1065,9,9,success,cross_county_small,Cross-county generalization test with small counties,4.0,0.01274875398872281,600.0,0.7613832887500838,0.6420127428705313,5.0,0.020360489851876683,5.412615567739202,1.098660530176644,17.968982934951782
tabpfn,375,34,23,0.23486781120300293,0.3105173110961914,0.41057649472464774,38750.62189797793,47854.54888381297,2290057848.873245,1075,0,9,success,cross_county_small,Cross-county generalization test with small counties,,,,,,,,,,
xgboost,375,34,23,19.92432475090027,0.002685546875,0.4578902421207922,35806.70818014707,45893.704336812196,2106232097.7547348,1075,0,9,success,cross_county_small,Cross-county generalization test with small counties,8.0,0.019293369292093028,500.0,0.6043956756975085,0.7640344619104537,9.0,0.0006686922817411864,0.10740407619157707,1.3065383843195406,19.827025175094604
tabpfn,375,34,23,0.5114550590515137,0.3243443965911865,0.41057649472464763,38750.62189797793,47854.54888381297,2290057848.873245,1075,1,9,success,cross_county_small,Cross-county generalization test with small counties,,,,,,,,,,
xgboost,375,34,23,22.498199224472046,0.0026662349700927734,0.4578902421207922,35806.70818014707,45893.704336812196,2106232097.7547343,1075,1,9,success,cross_county_small,Cross-county generalization test with small counties,8.0,0.019293369292093028,500.0,0.6043956756975085,0.7640344619104537,9.0,0.0006686922817411864,0.10740407619157707,1.3065383843195406,22.397050619125366
tabpfn,375,34,23,0.2572901248931885,0.3030121326446533,0.41057649472464786,38750.62189797793,47854.54888381297,2290057848.873245,1075,2,9,success,cross_county_small,Cross-county generalization test with small counties,,,,,,,,,,
xgboost,375,34,23,18.893080711364746,0.002045154571533203,0.45789024212079243,35806.70818014706,45893.704336812196,2106232097.7547343,1075,2,9,success,cross_county_small,Cross-county generalization test with small counties,8.0,0.019293369292093028,500.0,0.6043956756975085,0.7640344619104537,9.0,0.0006686922817411864,0.10740407619157707,1.3065383843195406,18.808039903640747
tabpfn,375,34,23,0.23806190490722656,0.30075955390930176,0.41057649472464797,38750.62189797793,47854.54888381296,2290057848.8732443,1075,3,9,success,cross_county_small,Cross-county generalization test with small counties,,,,,,,,,,
xgboost,375,34,23,20.292369842529297,0.0025866031646728516,0.45789024212079243,35806.70818014706,45893.704336812196,2106232097.7547343,1075,3,9,success,cross_county_small,Cross-county generalization test with small counties,8.0,0.019293369292093028,500.0,0.6043956756975085,0.7640344619104537,9.0,0.0006686922817411864,0.10740407619157707,1.3065383843195406,20.19414758682251
tabpfn,375,34,23,0.24632024765014648,0.3109104633331299,0.41057649472464774,38750.62189797794,47854.54888381297,2290057848.873245,1075,4,9,success,cross_county_small,Cross-county generalization test with small counties,,,,,,,,,,
xgboost,375,34,23,19.270912647247314,0.0020685195922851562,0.4578902421207922,35806.70818014707,45893.704336812196,2106232097.7547348,1075,4,9,success,cross_county_small,Cross-county generalization test with small counties,8.0,0.019293369292093028,500.0,0.6043956756975085,0.7640344619104537,9.0,0.0006686922817411864,0.10740407619157707,1.3065383843195406,19.161242723464966
tabpfn,375,34,23,0.25058937072753906,0.3026854991912842,0.41057649472464786,38750.62189797794,47854.54888381296,2290057848.8732443,1075,5,9,success,cross_county_small,Cross-county generalization test with small counties,,,,,,,,,,
xgboost,375,34,23,19.32714557647705,0.002054452896118164,0.4578902421207923,35806.70818014706,45893.704336812196,2106232097.7547343,1075,5,9,success,cross_county_small,Cross-county generalization test with small counties,8.0,0.019293369292093028,500.0,0.6043956756975085,0.7640344619104537,9.0,0.0006686922817411864,0.10740407619157707,1.3065383843195406,19.24065852165222
tabpfn,375,34,23,0.23485326766967773,0.30115723609924316,0.41057649472464774,38750.62189797793,47854.54888381297,2290057848.873245,1075,6,9,success,cross_county_small,Cross-county generalization test with small counties,,,,,,,,,,
xgboost,375,34,23,19.27373766899109,0.0020537376403808594,0.4578902421207923,35806.70818014707,45893.704336812196,2106232097.7547343,1075,6,9,success,cross_county_small,Cross-county generalization test with small counties,8.0,0.019293369292093028,500.0,0.6043956756975085,0.7640344619104537,9.0,0.0006686922817411864,0.10740407619157707,1.3065383843195406,19.187131881713867
tabpfn,375,34,23,0.23767447471618652,0.3024895191192627,0.41057649472464786,38750.62189797793,47854.54888381296,2290057848.8732443,1075,7,9,success,cross_county_small,Cross-county generalization test with small counties,,,,,,,,,,
xgboost,375,34,23,19.29322624206543,0.0020780563354492188,0.4578902421207923,35806.70818014706,45893.704336812196,2106232097.7547343,1075,7,9,success,cross_county_small,Cross-county generalization test with small counties,8.0,0.019293369292093028,500.0,0.6043956756975085,0.7640344619104537,9.0,0.0006686922817411864,0.10740407619157707,1.3065383843195406,19.206980228424072
tabpfn,375,34,23,0.2522928714752197,0.3007826805114746,0.41057649472464786,38750.62189797793,47854.54888381296,2290057848.8732443,1075,8,9,success,cross_county_small,Cross-county generalization test with small counties,,,,,,,,,,
xgboost,375,34,23,20.48760724067688,0.002034902572631836,0.4578902421207923,35806.70818014707,45893.704336812196,2106232097.7547343,1075,8,9,success,cross_county_small,Cross-county generalization test with small counties,8.0,0.019293369292093028,500.0,0.6043956756975085,0.7640344619104537,9.0,0.0006686922817411864,0.10740407619157707,1.3065383843195406,20.39598059654236
tabpfn,375,34,23,0.23607134819030762,0.30198192596435547,0.41057649472464786,38750.62189797793,47854.54888381296,2290057848.8732443,1075,9,9,success,cross_county_small,Cross-county generalization test with small counties,,,,,,,,,,
xgboost,375,34,23,19.745028257369995,0.0020592212677001953,0.4578902421207922,35806.70818014707,45893.704336812196,2106232097.7547348,1075,9,9,success,cross_county_small,Cross-county generalization test with small counties,8.0,0.019293369292093028,500.0,0.6043956756975085,0.7640344619104537,9.0,0.0006686922817411864,0.10740407619157707,1.3065383843195406,19.65843105316162
tabpfn,375,34,6,0.18703031539916992,0.2533557415008545,-12.544879171669,339182.890844853,354320.49428265047,125543012668.70175,2016,0,9,success,cross_county_small,Cross-county generalization test with small counties,,,,,,,,,,
xgboost,375,34,6,9.68034815788269,0.0012946128845214844,-13.223627612804611,349518.34178694856,363089.6691647241,131834107854.14883,2016,0,9,success,cross_county_small,Cross-county generalization test with small counties,5.0,0.010045484383943057,100.0,0.8422896905152027,0.9388287438323689,5.0,8.093901159738331e-08,0.16042660583998417,0.04519135681191937,9.652042865753174
tabpfn,375,34,6,0.18942809104919434,0.19847655296325684,-12.544879171669004,339182.89084485295,354320.4942826505,125543012668.70177,2016,1,9,success,cross_county_small,Cross-county generalization test with small counties,,,,,,,,,,
xgboost,375,34,6,9.541696548461914,0.0012326240539550781,-13.223627612804616,349518.34178694856,363089.6691647242,131834107854.14886,2016,1,9,success,cross_county_small,Cross-county generalization test with small counties,5.0,0.010045484383943057,100.0,0.8422896905152027,0.9388287438323689,5.0,8.093901159738331e-08,0.16042660583998417,0.04519135681191937,9.514542579650879
tabpfn,375,34,6,0.1820375919342041,0.19854402542114258,-12.544879171668999,339182.89084485295,354320.4942826505,125543012668.70177,2016,2,9,success,cross_county_small,Cross-county generalization test with small counties,,,,,,,,,,
xgboost,375,34,6,8.8958158493042,0.0012412071228027344,-13.223627612804608,349518.3417869485,363089.6691647241,131834107854.14883,2016,2,9,success,cross_county_small,Cross-county generalization test with small counties,5.0,0.010045484383943057,100.0,0.8422896905152027,0.9388287438323689,5.0,8.093901159738331e-08,0.16042660583998417,0.04519135681191937,8.869425296783447
tabpfn,375,34,6,0.1790323257446289,0.1982123851776123,-12.544879171669,339182.890844853,354320.49428265047,125543012668.70175,2016,3,9,success,cross_county_small,Cross-county generalization test with small counties,,,,,,,,,,
xgboost,375,34,6,8.893659830093384,0.0012426376342773438,-13.223627612804613,349518.34178694856,363089.6691647242,131834107854.14886,2016,3,9,success,cross_county_small,Cross-county generalization test with small counties,5.0,0.010045484383943057,100.0,0.8422896905152027,0.9388287438323689,5.0,8.093901159738331e-08,0.16042660583998417,0.04519135681191937,8.86651086807251
tabpfn,375,34,6,0.17945384979248047,0.19829297065734863,-12.544879171669004,339182.89084485295,354320.4942826505,125543012668.70178,2016,4,9,success,cross_county_small,Cross-county generalization test with small counties,,,,,,,,,,
xgboost,375,34,6,8.943213701248169,0.001234292984008789,-13.223627612804613,349518.3417869485,363089.6691647242,131834107854.14886,2016,4,9,success,cross_county_small,Cross-county generalization test with small counties,5.0,0.010045484383943057,100.0,0.8422896905152027,0.9388287438323689,5.0,8.093901159738331e-08,0.16042660583998417,0.04519135681191937,8.914873600006104
tabpfn,375,34,6,0.1841874122619629,0.19910240173339844,-12.544879171668997,339182.890844853,354320.49428265047,125543012668.70175,2016,5,9,success,cross_county_small,Cross-county generalization test with small counties,,,,,,,,,,
xgboost,375,34,6,9.672589302062988,0.0012369155883789062,-13.223627612804611,349518.34178694856,363089.6691647242,131834107854.14886,2016,5,9,success,cross_county_small,Cross-county generalization test with small counties,5.0,0.010045484383943057,100.0,0.8422896905152027,0.9388287438323689,5.0,8.093901159738331e-08,0.16042660583998417,0.04519135681191937,9.643646240234375
tabpfn,375,34,6,0.17957568168640137,0.1981966495513916,-12.544879171669002,339182.890844853,354320.4942826505,125543012668.70177,2016,6,9,success,cross_county_small,Cross-county generalization test with small counties,,,,,,,,,,
xgboost,375,34,6,9.665685653686523,0.0012464523315429688,-13.223627612804611,349518.34178694856,363089.6691647241,131834107854.14883,2016,6,9,success,cross_county_small,Cross-county generalization test with small counties,5.0,0.010045484383943057,100.0,0.8422896905152027,0.9388287438323689,5.0,8.093901159738331e-08,0.16042660583998417,0.04519135681191937,9.636762380599976
tabpfn,375,34,6,0.18990325927734375,0.20214271545410156,-12.544879171668997,339182.89084485295,354320.49428265047,125543012668.70175,2016,7,9,success,cross_county_small,Cross-county generalization test with small counties,,,,,,,,,,
xgboost,375,34,6,9.76130723953247,0.0012323856353759766,-13.223627612804608,349518.3417869485,363089.6691647241,131834107854.14883,2016,7,9,success,cross_county_small,Cross-county generalization test with small counties,5.0,0.010045484383943057,100.0,0.8422896905152027,0.9388287438323689,5.0,8.093901159738331e-08,0.16042660583998417,0.04519135681191937,9.731563806533813
tabpfn,375,34,6,0.18104195594787598,0.20668554306030273,-12.544879171669004,339182.8908448531,354320.4942826505,125543012668.70177,2016,8,9,success,cross_county_small,Cross-county generalization test with small counties,,,,,,,,,,
xgboost,375,34,6,10.140337944030762,0.0012440681457519531,-13.223627612804616,349518.3417869486,363089.6691647242,131834107854.14886,2016,8,9,success,cross_county_small,Cross-county generalization test with small counties,5.0,0.010045484383943057,100.0,0.8422896905152027,0.9388287438323689,5.0,8.093901159738331e-08,0.16042660583998417,0.04519135681191937,10.11059045791626
tabpfn,375,34,6,0.17954134941101074,0.19829821586608887,-12.544879171669002,339182.890844853,354320.4942826505,125543012668.70177,2016,9,9,success,cross_county_small,Cross-county generalization test with small counties,,,,,,,,,,
xgboost,375,34,6,10.138853788375854,0.0012295246124267578,-13.223627612804613,349518.34178694856,363089.6691647242,131834107854.14886,2016,9,9,success,cross_county_small,Cross-county generalization test with small counties,5.0,0.010045484383943057,100.0,0.8422896905152027,0.9388287438323689,5.0,8.093901159738331e-08,0.16042660583998417,0.04519135681191937,10.108822107315063
tabpfn,359,50,6,0.18309783935546875,0.20524096488952637,-1.590012559714992,159363.17965,186877.35200697143,34923144693.13751,2100,0,9,success,cross_county_small,Cross-county generalization test with small counties,,,,,,,,,,
xgboost,359,50,6,11.286954402923584,0.001283407211303711,-1.599303252377943,157332.898946875,187212.22795466712,35048418295.750244,2100,0,9,success,cross_county_small,Cross-county generalization test with small counties,6.0,0.03458237242851221,100.0,0.7020208390536822,0.7994603120330229,1.0,0.5268316330181791,3.841827523879112,0.5138690140098544,11.256940126419067
tabpfn,359,50,6,0.44792628288269043,0.19590353965759277,-0.847465879129012,151933.56248750002,180449.6451036906,32562074418.047882,2100,1,9,success,cross_county_small,Cross-county generalization test with small counties,,,,,,,,,,
xgboost,359,50,6,11.766192436218262,0.0012826919555664062,-0.8600878280915643,151476.08826875,181065.01485539367,32784539604.583935,2100,1,9,success,cross_county_small,Cross-county generalization test with small counties,6.0,0.07500118950416987,100.0,0.8430179407605753,0.6682096494749166,1.0,0.39001768308022033,8.536189862866832,0.05134883976937368,11.731725215911865
tabpfn,359,50,6,0.18963623046875,0.1968083381652832,-0.5927432623284437,122057.52830312503,155978.8224046178,24329393038.7313,2100,2,9,success,cross_county_small,Cross-county generalization test with small counties,,,,,,,,,,
xgboost,359,50,6,13.855660438537598,0.0018873214721679688,-0.7435215952172691,130380.84072500003,163194.8368228417,26632554765.633926,2100,2,9,success,cross_county_small,Cross-county generalization test with small counties,7.0,0.030816017044468066,150.0,0.7243929286862649,0.7300733288106989,8.0,0.0012602588933700108,5.948746813219773,8.315153257712834e-05,13.800816059112549
tabpfn,359,50,6,0.1949756145477295,0.2108771800994873,-0.9860769965524507,133640.44579687502,163039.70639630995,26581945861.794956,2100,3,9,success,cross_county_small,Cross-county generalization test with small counties,,,,,,,,,,
xgboost,359,50,6,11.908691644668579,0.0014846324920654297,-1.02535383648162,132683.317125,164643.95782710076,27107632848.972137,2100,3,9,success,cross_county_small,Cross-county generalization test with small counties,6.0,0.012771287228289572,300.0,0.6222362467748841,0.8246714952535326,2.0,4.999918996577665e-08,6.67301547063597,0.05190369950809712,11.793168306350708
tabpfn,359,50,6,0.17634129524230957,0.19406342506408691,-0.5712060522016571,130371.87653125002,168745.19304476812,28474940175.71606,2100,4,9,success,cross_county_small,Cross-county generalization test with small counties,,,,,,,,,,
xgboost,359,50,6,12.411964178085327,0.0013136863708496094,-0.5795698260413349,133689.653890625,169193.72537038915,28626516704.710663,2100,4,9,success,cross_county_small,Cross-county generalization test with small counties,8.0,0.039699894987477134,100.0,0.8100287295926243,0.7797138078229755,9.0,8.699887419274594e-05,8.216291574612814,3.1898915290558815e-06,12.376102685928345
tabpfn,359,50,6,0.1772480010986328,0.19450592994689941,-1.1809060087463945,154233.07016562502,186252.2553249214,34689902613.619705,2100,5,9,success,cross_county_small,Cross-county generalization test with small counties,,,,,,,,,,
xgboost,359,50,6,13.248653888702393,0.0017778873443603516,-1.0336235911925584,146520.25922812504,179853.27542460608,32347200680.959217,2100,5,9,success,cross_county_small,Cross-county generalization test with small counties,7.0,0.03470673957344862,100.0,0.7537726503863985,0.7061230231549105,9.0,0.00014756172516350438,5.378165148460626,0.00088156814922038,13.210659980773926
tabpfn,359,50,6,0.18537664413452148,0.21504545211791992,-1.7235387292381334,146937.83222500002,176368.28990209475,31105773682.98934,2100,6,9,success,cross_county_small,Cross-county generalization test with small counties,,,,,,,,,,
xgboost,359,50,6,12.803606510162354,0.002328634262084961,-1.559836424445879,142764.769021875,170985.7168398878,29236115363.25029,2100,6,9,success,cross_county_small,Cross-county generalization test with small counties,6.0,0.02365768003948825,200.0,0.8422771781427599,0.6889096720086169,9.0,5.035174399474331e-07,7.571026611920344,0.0001391112750341791,12.738716125488281
tabpfn,359,50,6,0.21204662322998047,0.22331643104553223,-1.2207210583727157,165222.87764375002,194287.65095052283,37747691311.87219,2100,7,9,success,cross_county_small,Cross-county generalization test with small counties,,,,,,,,,,
xgboost,359,50,6,18.374632358551025,0.001859426498413086,-1.098991717349993,155870.23358125,188887.64607071862,35678542838.13706,2100,7,9,success,cross_county_small,Cross-county generalization test with small counties,9.0,0.014429073040803313,300.0,0.8266402508612634,0.7393343076003447,2.0,4.145125894054364e-06,6.469530453433052,1.900093649958155e-06,18.204317331314087
tabpfn,359,50,6,0.1849832534790039,0.1952838897705078,-0.9243047733217575,147965.54566562502,178163.79782649764,31742338855.961124,2100,8,9,success,cross_county_small,Cross-county generalization test with small counties,,,,,,,,,,
xgboost,359,50,6,17.589862823486328,0.0018546581268310547,-1.1139407047929106,155351.29886875005,186736.37930153555,34870475354.64696,2100,8,9,success,cross_county_small,Cross-county generalization test with small counties,7.0,0.010136101458459962,500.0,0.6786886198670592,0.6426676213097462,6.0,0.00012465235055903113,2.85199989281535,7.459183009998284e-07,17.386340856552124
tabpfn,359,50,6,0.17983388900756836,0.1936173439025879,-1.0812555285349155,163939.98100312502,199393.6614395047,39757832222.25182,2100,9,9,success,cross_county_small,Cross-county generalization test with small counties,,,,,,,,,,
xgboost,359,50,6,14.05246901512146,0.0012538433074951172,-0.9912887396299623,157109.45484687499,195036.4417355775,38039213604.87532,2100,9,9,success,cross_county_small,Cross-county generalization test with small counties,6.0,0.0644012573167916,100.0,0.6834695030367666,0.7760434646835457,1.0,0.00341921441827209,6.684577438517446,0.013871060800131015,14.014601707458496
tabpfn,390,19,6,0.18928146362304688,0.20090150833129883,-0.7399665386962329,73958.61835526313,91059.17988165833,8291774240.72021,2185,0,9,success,cross_county_small,Cross-county generalization test with small counties,,,,,,,,,,
xgboost,390,19,6,13.267206907272339,0.0011723041534423828,-0.13806386065601828,59911.04023026315,73643.86997911886,5423419585.501364,2185,0,9,success,cross_county_small,Cross-county generalization test with small counties,8.0,0.06595877153237902,450.0,0.9407426357977884,0.7648437305206914,9.0,0.04684533482705917,0.5787283809984031,1.3065383843195406,13.225325584411621
tabpfn,390,19,6,0.17627620697021484,0.19219422340393066,-0.7399665386962335,73958.61835526311,91059.17988165835,8291774240.720212,2185,1,9,success,cross_county_small,Cross-county generalization test with small counties,,,,,,,,,,
xgboost,390,19,6,11.650144338607788,0.0011746883392333984,-0.1380638606560185,59911.040230263134,73643.86997911887,5423419585.501365,2185,1,9,success,cross_county_small,Cross-county generalization test with small counties,8.0,0.06595877153237902,450.0,0.9407426357977884,0.7648437305206914,9.0,0.04684533482705917,0.5787283809984031,1.3065383843195406,11.607351541519165
tabpfn,390,19,6,0.18027114868164062,0.19338393211364746,-0.7399665386962333,73958.61835526313,91059.17988165835,8291774240.720212,2185,2,9,success,cross_county_small,Cross-county generalization test with small counties,,,,,,,,,,
xgboost,390,19,6,11.65566372871399,0.0011856555938720703,-0.13806386065601828,59911.04023026315,73643.86997911886,5423419585.501364,2185,2,9,success,cross_county_small,Cross-county generalization test with small counties,8.0,0.06595877153237902,450.0,0.9407426357977884,0.7648437305206914,9.0,0.04684533482705917,0.5787283809984031,1.3065383843195406,11.612621784210205
tabpfn,390,19,6,0.18552637100219727,0.19258618354797363,-0.7399665386962329,73958.61835526313,91059.17988165833,8291774240.72021,2185,3,9,success,cross_county_small,Cross-county generalization test with small counties,,,,,,,,,,
xgboost,390,19,6,14.315258741378784,0.0018384456634521484,-0.13806386065601806,59911.04023026315,73643.86997911886,5423419585.501363,2185,3,9,success,cross_county_small,Cross-county generalization test with small counties,8.0,0.06595877153237902,450.0,0.9407426357977884,0.7648437305206914,9.0,0.04684533482705917,0.5787283809984031,1.3065383843195406,14.26227855682373
tabpfn,390,19,6,0.1830763816833496,0.21204257011413574,-0.7399665386962326,73958.61835526311,91059.17988165832,8291774240.720208,2185,4,9,success,cross_county_small,Cross-county generalization test with small counties,,,,,,,,,,
xgboost,390,19,6,13.547258853912354,0.0011892318725585938,-0.13806386065601828,59911.04023026315,73643.86997911886,5423419585.501364,2185,4,9,success,cross_county_small,Cross-county generalization test with small counties,8.0,0.06595877153237902,450.0,0.9407426357977884,0.7648437305206914,9.0,0.04684533482705917,0.5787283809984031,1.3065383843195406,13.485229730606079
tabpfn,390,19,6,0.19388842582702637,0.19179558753967285,-0.7399665386962333,73958.61835526313,91059.17988165835,8291774240.720212,2185,5,9,success,cross_county_small,Cross-county generalization test with small counties,,,,,,,,,,
xgboost,390,19,6,14.513110637664795,0.0019030570983886719,-0.13806386065601828,59911.04023026315,73643.86997911886,5423419585.501364,2185,5,9,success,cross_county_small,Cross-county generalization test with small counties,8.0,0.06595877153237902,450.0,0.9407426357977884,0.7648437305206914,9.0,0.04684533482705917,0.5787283809984031,1.3065383843195406,14.46126103401184
tabpfn,390,19,6,0.18220806121826172,0.20872068405151367,-0.7399665386962335,73958.61835526313,91059.17988165835,8291774240.720213,2185,6,9,success,cross_county_small,Cross-county generalization test with small counties,,,,,,,,,,
xgboost,390,19,6,14.699192762374878,0.0012063980102539062,-0.13806386065601828,59911.04023026315,73643.86997911887,5423419585.501365,2185,6,9,success,cross_county_small,Cross-county generalization test with small counties,8.0,0.06595877153237902,450.0,0.9407426357977884,0.7648437305206914,9.0,0.04684533482705917,0.5787283809984031,1.3065383843195406,14.64732027053833
tabpfn,390,19,6,0.18672990798950195,0.19696402549743652,-0.7399665386962333,73958.61835526313,91059.17988165835,8291774240.720212,2185,7,9,success,cross_county_small,Cross-county generalization test with small counties,,,,,,,,,,
xgboost,390,19,6,14.796010732650757,0.0018723011016845703,-0.13806386065601828,59911.04023026315,73643.86997911886,5423419585.501364,2185,7,9,success,cross_county_small,Cross-county generalization test with small counties,8.0,0.06595877153237902,450.0,0.9407426357977884,0.7648437305206914,9.0,0.04684533482705917,0.5787283809984031,1.3065383843195406,14.743729829788208
tabpfn,390,19,6,0.21178007125854492,0.2293398380279541,-0.7399665386962333,73958.61835526313,91059.17988165835,8291774240.720212,2185,8,9,success,cross_county_small,Cross-county generalization test with small counties,,,,,,,,,,
xgboost,390,19,6,15.438075304031372,0.0019550323486328125,-0.13806386065601828,59911.04023026315,73643.86997911887,5423419585.501365,2185,8,9,success,cross_county_small,Cross-county generalization test with small counties,8.0,0.06595877153237902,450.0,0.9407426357977884,0.7648437305206914,9.0,0.04684533482705917,0.5787283809984031,1.3065383843195406,15.384398460388184
tabpfn,390,19,6,0.20297884941101074,0.21442317962646484,-0.7399665386962333,73958.61835526314,91059.17988165833,8291774240.72021,2185,9,9,success,cross_county_small,Cross-county generalization test with small counties,,,,,,,,,,
xgboost,390,19,6,15.343066692352295,0.0019073486328125,-0.13806386065601828,59911.04023026315,73643.86997911886,5423419585.501364,2185,9,9,success,cross_county_small,Cross-county generalization test with small counties,8.0,0.06595877153237902,450.0,0.9407426357977884,0.7648437305206914,9.0,0.04684533482705917,0.5787283809984031,1.3065383843195406,15.289647340774536
tabpfn,367,42,6,0.2119145393371582,0.19386672973632812,-2.1531257069457572,226084.62404761906,258177.60052605328,66655673413.39034,2232,0,9,success,cross_county_small,Cross-county generalization test with small counties,,,,,,,,,,
xgboost,367,42,6,14.656625509262085,0.0013990402221679688,-2.0933412348281313,224304.28225074406,255718.31434959467,65391856293.79811,2232,0,9,success,cross_county_small,Cross-county generalization test with small counties,7.0,0.024837694008834562,100.0,0.6897453439245168,0.7199020953174677,10.0,0.00018826531071573034,3.5628004754772333,3.440051587650014e-06,14.497560501098633
tabpfn,367,42,6,0.1829087734222412,0.19327640533447266,-2.1531257069457572,226084.62404761906,258177.60052605328,66655673413.39034,2232,1,9,success,cross_county_small,Cross-county generalization test with small counties,,,,,,,,,,
xgboost,367,42,6,12.207830429077148,0.0012416839599609375,-2.0933412348281313,224304.28225074406,255718.31434959467,65391856293.79811,2232,1,9,success,cross_county_small,Cross-county generalization test with small counties,7.0,0.024837694008834562,100.0,0.6897453439245168,0.7199020953174677,10.0,0.00018826531071573034,3.5628004754772333,3.440051587650014e-06,12.166043043136597
tabpfn,367,42,6,0.45061683654785156,0.19523215293884277,-2.153125706945757,226084.62404761906,258177.60052605325,66655673413.390335,2232,2,9,success,cross_county_small,Cross-county generalization test with small counties,,,,,,,,,,
xgboost,367,42,6,12.205304384231567,0.001257181167602539,-2.0933412348281313,224304.28225074406,255718.31434959467,65391856293.79811,2232,2,9,success,cross_county_small,Cross-county generalization test with small counties,7.0,0.024837694008834562,100.0,0.6897453439245168,0.7199020953174677,10.0,0.00018826531071573034,3.5628004754772333,3.440051587650014e-06,12.173262596130371
tabpfn,367,42,6,0.19080233573913574,0.19422483444213867,-2.1531257069457563,226084.62404761906,258177.60052605325,66655673413.390335,2232,3,9,success,cross_county_small,Cross-county generalization test with small counties,,,,,,,,,,
xgboost,367,42,6,13.31057357788086,0.0012924671173095703,-2.093341234828131,224304.28225074406,255718.31434959467,65391856293.79811,2232,3,9,success,cross_county_small,Cross-county generalization test with small counties,7.0,0.024837694008834562,100.0,0.6897453439245168,0.7199020953174677,10.0,0.00018826531071573034,3.5628004754772333,3.440051587650014e-06,13.259184122085571
tabpfn,367,42,6,0.17868757247924805,0.19333124160766602,-2.153125706945757,226084.62404761906,258177.60052605328,66655673413.39034,2232,4,9,success,cross_county_small,Cross-county generalization test with small counties,,,,,,,,,,
xgboost,367,42,6,13.034762382507324,0.0012712478637695312,-2.093341234828131,224304.28225074406,255718.31434959467,65391856293.79811,2232,4,9,success,cross_county_small,Cross-county generalization test with small counties,7.0,0.024837694008834562,100.0,0.6897453439245168,0.7199020953174677,10.0,0.00018826531071573034,3.5628004754772333,3.440051587650014e-06,12.987925052642822
tabpfn,367,42,6,0.17724037170410156,0.19522786140441895,-2.1531257069457572,226084.62404761906,258177.60052605328,66655673413.39034,2232,5,9,success,cross_county_small,Cross-county generalization test with small counties,,,,,,,,,,
xgboost,367,42,6,13.172744512557983,0.001245260238647461,-2.0933412348281313,224304.28225074406,255718.31434959467,65391856293.79811,2232,5,9,success,cross_county_small,Cross-county generalization test with small counties,7.0,0.024837694008834562,100.0,0.6897453439245168,0.7199020953174677,10.0,0.00018826531071573034,3.5628004754772333,3.440051587650014e-06,13.015837907791138
tabpfn,367,42,6,0.18118786811828613,0.19318795204162598,-2.153125706945757,226084.62404761906,258177.60052605328,66655673413.39034,2232,6,9,success,cross_county_small,Cross-county generalization test with small counties,,,,,,,,,,
xgboost,367,42,6,11.794630765914917,0.0012671947479248047,-2.09334123482813,224304.28225074406,255718.31434959464,65391856293.798096,2232,6,9,success,cross_county_small,Cross-county generalization test with small counties,7.0,0.024837694008834562,100.0,0.6897453439245168,0.7199020953174677,10.0,0.00018826531071573034,3.5628004754772333,3.440051587650014e-06,11.757533311843872
tabpfn,367,42,6,0.1890261173248291,0.19511008262634277,-2.153125706945756,226084.62404761906,258177.60052605323,66655673413.39032,2232,7,9,success,cross_county_small,Cross-county generalization test with small counties,,,,,,,,,,
xgboost,367,42,6,12.62401294708252,0.0019528865814208984,-2.093341234828131,224304.28225074406,255718.31434959467,65391856293.79811,2232,7,9,success,cross_county_small,Cross-county generalization test with small counties,7.0,0.024837694008834562,100.0,0.6897453439245168,0.7199020953174677,10.0,0.00018826531071573034,3.5628004754772333,3.440051587650014e-06,12.564443826675415
tabpfn,367,42,6,0.19638752937316895,0.23002004623413086,-2.1531257069457563,226084.62404761906,258177.60052605325,66655673413.390335,2232,8,9,success,cross_county_small,Cross-county generalization test with small counties,,,,,,,,,,
xgboost,367,42,6,14.576051950454712,0.0017323493957519531,-2.093341234828131,224304.28225074406,255718.31434959467,65391856293.79811,2232,8,9,success,cross_county_small,Cross-county generalization test with small counties,7.0,0.024837694008834562,100.0,0.6897453439245168,0.7199020953174677,10.0,0.00018826531071573034,3.5628004754772333,3.440051587650014e-06,14.536839962005615
tabpfn,367,42,6,0.18346261978149414,0.20439457893371582,-2.1531257069457572,226084.62404761906,258177.60052605328,66655673413.39034,2232,9,9,success,cross_county_small,Cross-county generalization test with small counties,,,,,,,,,,
xgboost,367,42,6,14.677947282791138,0.0016820430755615234,-2.0933412348281317,224304.28225074406,255718.31434959467,65391856293.79812,2232,9,9,success,cross_county_small,Cross-county generalization test with small counties,7.0,0.024837694008834562,100.0,0.6897453439245168,0.7199020953174677,10.0,0.00018826531071573034,3.5628004754772333,3.440051587650014e-06,14.63996696472168
tabpfn,394,15,6,0.2023022174835205,0.2249753475189209,-0.39809177577945487,161133.67708333334,204690.85867686107,41898347625.870705,2275,0,9,success,cross_county_small,Cross-county generalization test with small counties,,,,,,,,,,
xgboost,394,15,6,14.221007585525513,0.0016849040985107422,-0.15108835625563688,141301.95416666666,185731.23126375745,34496090266.75136,2275,0,9,success,cross_county_small,Cross-county generalization test with small counties,8.0,0.057486995262846105,300.0,0.9997449754566206,0.8259247350993981,8.0,0.0005852814880207774,2.2940330038556085,1.92593436201735,14.181796550750732
tabpfn,394,15,6,0.20737266540527344,0.2172701358795166,-0.3980917757794553,161133.67708333337,204690.85867686107,41898347625.87071,2275,1,9,success,cross_county_small,Cross-county generalization test with small counties,,,,,,,,,,
xgboost,394,15,6,13.874744653701782,0.0017211437225341797,-0.1510883562556371,141301.9541666667,185731.23126375745,34496090266.75136,2275,1,9,success,cross_county_small,Cross-county generalization test with small counties,8.0,0.057486995262846105,300.0,0.9997449754566206,0.8259247350993981,8.0,0.0005852814880207774,2.2940330038556085,1.92593436201735,13.835053205490112
tabpfn,394,15,6,0.21304106712341309,0.21861004829406738,-0.3980917757794553,161133.67708333337,204690.85867686107,41898347625.87071,2275,2,9,success,cross_county_small,Cross-county generalization test with small counties,,,,,,,,,,
xgboost,394,15,6,13.799536228179932,0.0018701553344726562,-0.1510883562556371,141301.9541666667,185731.23126375745,34496090266.75136,2275,2,9,success,cross_county_small,Cross-county generalization test with small counties,8.0,0.057486995262846105,300.0,0.9997449754566206,0.8259247350993981,8.0,0.0005852814880207774,2.2940330038556085,1.92593436201735,13.7610342502594
tabpfn,394,15,6,0.1826951503753662,0.20291662216186523,-0.3980917757794553,161133.67708333334,204690.85867686107,41898347625.87071,2275,3,9,success,cross_county_small,Cross-county generalization test with small counties,,,,,,,,,,
xgboost,394,15,6,13.141417741775513,0.0011484622955322266,-0.1510883562556371,141301.95416666666,185731.23126375745,34496090266.75136,2275,3,9,success,cross_county_small,Cross-county generalization test with small counties,8.0,0.057486995262846105,300.0,0.9997449754566206,0.8259247350993981,8.0,0.0005852814880207774,2.2940330038556085,1.92593436201735,13.10784101486206
tabpfn,394,15,6,0.1798405647277832,0.19229722023010254,-0.3980917757794553,161133.67708333337,204690.85867686107,41898347625.87071,2275,4,9,success,cross_county_small,Cross-county generalization test with small counties,,,,,,,,,,
xgboost,394,15,6,11.335139274597168,0.0011534690856933594,-0.15108835625563732,141301.9541666667,185731.23126375748,34496090266.751366,2275,4,9,success,cross_county_small,Cross-county generalization test with small counties,8.0,0.057486995262846105,300.0,0.9997449754566206,0.8259247350993981,8.0,0.0005852814880207774,2.2940330038556085,1.92593436201735,11.264535427093506
tabpfn,394,15,6,0.17871427536010742,0.19523334503173828,-0.3980917757794551,161133.67708333334,204690.85867686107,41898347625.870705,2275,5,9,success,cross_county_small,Cross-county generalization test with small counties,,,,,,,,,,
xgboost,394,15,6,13.543413162231445,0.0015559196472167969,-0.1510883562556371,141301.95416666666,185731.23126375745,34496090266.75136,2275,5,9,success,cross_county_small,Cross-county generalization test with small counties,8.0,0.057486995262846105,300.0,0.9997449754566206,0.8259247350993981,8.0,0.0005852814880207774,2.2940330038556085,1.92593436201735,13.397807598114014
tabpfn,394,15,6,0.2013568878173828,0.19434666633605957,-0.39809177577945487,161133.67708333337,204690.85867686107,41898347625.870705,2275,6,9,success,cross_county_small,Cross-county generalization test with small counties,,,,,,,,,,
xgboost,394,15,6,11.72815752029419,0.0011525154113769531,-0.15108835625563688,141301.95416666672,185731.23126375745,34496090266.75136,2275,6,9,success,cross_county_small,Cross-county generalization test with small counties,8.0,0.057486995262846105,300.0,0.9997449754566206,0.8259247350993981,8.0,0.0005852814880207774,2.2940330038556085,1.92593436201735,11.694056510925293
tabpfn,394,15,6,0.17903971672058105,0.1993110179901123,-0.3980917757794551,161133.67708333337,204690.85867686107,41898347625.87071,2275,7,9,success,cross_county_small,Cross-county generalization test with small counties,,,,,,,,,,
xgboost,394,15,6,13.117001295089722,0.0012018680572509766,-0.1510883562556371,141301.9541666667,185731.23126375748,34496090266.751366,2275,7,9,success,cross_county_small,Cross-county generalization test with small counties,8.0,0.057486995262846105,300.0,0.9997449754566206,0.8259247350993981,8.0,0.0005852814880207774,2.2940330038556085,1.92593436201735,13.067042350769043
tabpfn,394,15,6,0.18077850341796875,0.1945500373840332,-0.3980917757794553,161133.67708333334,204690.85867686107,41898347625.87071,2275,8,9,success,cross_county_small,Cross-county generalization test with small counties,,,,,,,,,,
xgboost,394,15,6,11.914674520492554,0.0011477470397949219,-0.15108835625563732,141301.95416666666,185731.23126375748,34496090266.751366,2275,8,9,success,cross_county_small,Cross-county generalization test with small counties,8.0,0.057486995262846105,300.0,0.9997449754566206,0.8259247350993981,8.0,0.0005852814880207774,2.2940330038556085,1.92593436201735,11.881282091140747
tabpfn,394,15,6,0.18402409553527832,0.19202709197998047,-0.39809177577945554,161133.67708333337,204690.85867686107,41898347625.87071,2275,9,9,success,cross_county_small,Cross-county generalization test with small counties,,,,,,,,,,
xgboost,394,15,6,11.336255311965942,0.0011608600616455078,-0.15108835625563732,141301.9541666667,185731.23126375745,34496090266.75136,2275,9,9,success,cross_county_small,Cross-county generalization test with small counties,8.0,0.057486995262846105,300.0,0.9997449754566206,0.8259247350993981,8.0,0.0005852814880207774,2.2940330038556085,1.92593436201735,11.302584648132324
