model,train_size,test_size,n_features,fit_time,pred_time,r2,mae,rmse,mse,seed,status,experiment_name,experiment_description,hyperparam_max_depth,hyperparam_learning_rate,hyperparam_n_estimators,hyperparam_subsample,hyperparam_colsample_bytree,hyperparam_min_child_weight,hyperparam_reg_alpha,hyperparam_reg_lambda,hyperparam_gamma,tune_time
tabpfn,50,42306,82,28.66466188430786,18.520869731903076,0.01333372102319963,266925.0342489836,1863355.0545559304,3472092059339.1343,0,success,cook_county_no_preprocessing,Cook County learning curves with no preprocessing,,,,,,,,,,
tabpfn,50,42306,82,0.351956844329834,11.609315156936646,0.02617075640591704,204642.0382311315,1851193.7654333108,3426918357179.159,1,success,cook_county_no_preprocessing,Cook County learning curves with no preprocessing,,,,,,,,,,
tabpfn,50,42306,82,0.32058072090148926,11.407574892044067,0.04030439679262665,238189.9992749994,1837711.0448516633,3377181884369.792,2,success,cook_county_no_preprocessing,Cook County learning curves with no preprocessing,,,,,,,,,,
tabpfn,50,42306,82,0.35528993606567383,11.898897647857666,0.048552089342219884,239272.2768457045,1829797.295352058,3348158142077.7065,3,success,cook_county_no_preprocessing,Cook County learning curves with no preprocessing,,,,,,,,,,
tabpfn,50,42306,82,0.3140444755554199,11.474379539489746,0.0212801597510196,221936.310526654,1855836.316420291,3444128433344.435,4,success,cook_county_no_preprocessing,Cook County learning curves with no preprocessing,,,,,,,,,,
tabpfn,50,42306,82,0.33504223823547363,11.650866270065308,0.0376818472365299,217537.48150454427,1840220.2781019313,3386410671937.5493,5,success,cook_county_no_preprocessing,Cook County learning curves with no preprocessing,,,,,,,,,,
tabpfn,50,42306,82,0.3416938781738281,11.875688076019287,0.03471657395416572,242410.99656741953,1843053.3114809261,3396845508960.8076,6,success,cook_county_no_preprocessing,Cook County learning curves with no preprocessing,,,,,,,,,,
tabpfn,50,42306,82,0.35110926628112793,11.830317258834839,0.020989685454621654,200593.16741271922,1856111.69285293,3445150616345.3696,7,success,cook_county_no_preprocessing,Cook County learning curves with no preprocessing,,,,,,,,,,
tabpfn,50,42306,82,0.35614442825317383,11.897341966629028,0.017198884362635614,200678.110342837,1859701.7225786543,3458490496962.0137,8,success,cook_county_no_preprocessing,Cook County learning curves with no preprocessing,,,,,,,,,,
tabpfn,50,42306,82,0.3469092845916748,11.837408304214478,0.005365615726462991,226911.69764668428,1870863.9529064172,3500131930284.625,9,success,cook_county_no_preprocessing,Cook County learning curves with no preprocessing,,,,,,,,,,
tabpfn,100,42306,82,0.3436164855957031,11.620924711227417,0.030515611258190356,213338.59716189784,1847059.488441601,3411628753842.149,0,success,cook_county_no_preprocessing,Cook County learning curves with no preprocessing,,,,,,,,,,
tabpfn,100,42306,82,0.354703426361084,11.793492317199707,0.03057740118268193,196947.19978844607,1847000.6264907464,3411411314257.2095,1,success,cook_county_no_preprocessing,Cook County learning curves with no preprocessing,,,,,,,,,,
tabpfn,100,42306,82,0.4060349464416504,12.03837275505066,0.053257242273714644,215900.0391252866,1825267.2803997917,3331600644898.0513,2,success,cook_county_no_preprocessing,Cook County learning curves with no preprocessing,,,,,,,,,,
tabpfn,100,42306,82,0.3771083354949951,12.04297423362732,0.049342010420041715,205864.9530913907,1829037.5608658108,3345378399057.955,3,success,cook_county_no_preprocessing,Cook County learning curves with no preprocessing,,,,,,,,,,
tabpfn,100,42306,82,0.41193485260009766,12.1007080078125,0.039741711338778796,210689.34152310694,1838249.7061436544,3379161982137.232,4,success,cook_county_no_preprocessing,Cook County learning curves with no preprocessing,,,,,,,,,,
tabpfn,100,42306,82,0.36072611808776855,11.79585862159729,0.056111915730243545,204597.89509023543,1822513.3772256987,3321555010166.6216,5,success,cook_county_no_preprocessing,Cook County learning curves with no preprocessing,,,,,,,,,,
tabpfn,100,42306,82,0.3686556816101074,12.093290567398071,0.03859524573756368,209252.1476024382,1839346.734627705,3383196410185.6016,6,success,cook_county_no_preprocessing,Cook County learning curves with no preprocessing,,,,,,,,,,
tabpfn,100,42306,82,0.3596789836883545,13.404608726501465,0.022504535992749153,203265.71110462316,1854675.1296904045,3439819836692.1187,7,success,cook_county_no_preprocessing,Cook County learning curves with no preprocessing,,,,,,,,,,
tabpfn,100,42306,82,0.38914918899536133,12.06734824180603,0.03036992442288644,214630.7268247264,1847198.2643445875,3412141427797.6562,8,success,cook_county_no_preprocessing,Cook County learning curves with no preprocessing,,,,,,,,,,
tabpfn,100,42306,82,0.39617156982421875,12.062447786331177,0.035313250089562764,209669.25366082825,1842483.5949127339,3394745797522.5513,9,success,cook_county_no_preprocessing,Cook County learning curves with no preprocessing,,,,,,,,,,
tabpfn,200,42306,82,0.283780574798584,22.409562349319458,0.02914398833787224,197441.43239544923,1848365.6330822948,3416455513559.713,0,success,cook_county_no_preprocessing,Cook County learning curves with no preprocessing,,,,,,,,,,
tabpfn,200,42306,82,0.2897794246673584,22.542645931243896,0.03191104430535341,204239.30465980002,1845729.7218076866,3406718205964.2803,1,success,cook_county_no_preprocessing,Cook County learning curves with no preprocessing,,,,,,,,,,
tabpfn,200,42306,82,0.2775590419769287,22.560230255126953,0.05689992613984396,217917.845702294,1821752.4504757323,3318781990814.336,2,success,cook_county_no_preprocessing,Cook County learning curves with no preprocessing,,,,,,,,,,
tabpfn,200,42306,82,0.2897324562072754,28.56451940536499,0.033130816249683726,202209.76232944205,1844566.5647780655,3402425811897.1533,3,success,cook_county_no_preprocessing,Cook County learning curves with no preprocessing,,,,,,,,,,
tabpfn,200,42306,82,0.28914928436279297,22.89068293571472,0.07985055141594588,208409.46361811858,1799449.479208542,3238018428223.8936,4,success,cook_county_no_preprocessing,Cook County learning curves with no preprocessing,,,,,,,,,,
tabpfn,200,42306,82,0.299832820892334,22.3417227268219,0.04048541168721731,202163.39258911266,1837537.7249169648,3376544890493.0146,5,success,cook_county_no_preprocessing,Cook County learning curves with no preprocessing,,,,,,,,,,
tabpfn,200,42306,82,0.29479002952575684,28.311304807662964,0.036627138114740165,190370.8827497134,1841228.4507052547,3390122207686.472,6,success,cook_county_no_preprocessing,Cook County learning curves with no preprocessing,,,,,,,,,,
tabpfn,200,42306,82,0.2814350128173828,21.609504461288452,0.0257298125737343,193247.6960286366,1851612.822520859,3428470044523.662,7,success,cook_county_no_preprocessing,Cook County learning curves with no preprocessing,,,,,,,,,,
tabpfn,200,42306,82,0.2762162685394287,22.159991025924683,0.03832510452996041,194186.7703118352,1839605.1317525823,3384147040770.4355,8,success,cook_county_no_preprocessing,Cook County learning curves with no preprocessing,,,,,,,,,,
tabpfn,200,42306,82,0.2869408130645752,22.563537120819092,0.02843065746503104,203177.38095364723,1849044.546409341,3418965734606.1255,9,success,cook_county_no_preprocessing,Cook County learning curves with no preprocessing,,,,,,,,,,
tabpfn,500,42306,82,0.3413112163543701,41.03017807006836,0.04355108901912175,188003.4966848674,1834599.882877306,3365756730253.4253,0,success,cook_county_no_preprocessing,Cook County learning curves with no preprocessing,,,,,,,,,,
tabpfn,500,42306,82,0.33202457427978516,41.896188497543335,0.02241376789328331,196870.69439950894,1854761.2382376988,3440139250869.0415,1,success,cook_county_no_preprocessing,Cook County learning curves with no preprocessing,,,,,,,,,,
tabpfn,500,42306,82,0.33878564834594727,40.84469652175903,0.03560355040790841,192988.36494343297,1842206.3474955105,3393724226752.7495,2,success,cook_county_no_preprocessing,Cook County learning curves with no preprocessing,,,,,,,,,,
tabpfn,500,42306,82,0.3437623977661133,40.42291283607483,0.033510868706291386,192148.97125740143,1844204.0023087813,3401088402131.7275,3,success,cook_county_no_preprocessing,Cook County learning curves with no preprocessing,,,,,,,,,,
tabpfn,500,42306,82,0.3510580062866211,42.21364116668701,0.08348962821683215,191143.4197904848,1795887.6544627848,3225212467451.843,4,success,cook_county_no_preprocessing,Cook County learning curves with no preprocessing,,,,,,,,,,
tabpfn,500,42306,82,0.3438124656677246,41.422455072402954,0.04882037631803082,193827.53010285183,1829539.2962600659,3347214036559.777,5,success,cook_county_no_preprocessing,Cook County learning curves with no preprocessing,,,,,,,,,,
tabpfn,500,42306,82,0.34535670280456543,41.80665135383606,0.041210494696462874,194200.5875862023,1836843.30129674,3373993313518.707,6,success,cook_county_no_preprocessing,Cook County learning curves with no preprocessing,,,,,,,,,,
tabpfn,500,42306,82,0.34134411811828613,40.5495662689209,0.0462103625657988,187896.90947021404,1832047.682366151,3356398710463.1846,7,success,cook_county_no_preprocessing,Cook County learning curves with no preprocessing,,,,,,,,,,
tabpfn,500,42306,82,0.3356308937072754,41.13498854637146,0.03348434624092511,194007.17336969046,1844229.30652568,3401181735048.1904,8,success,cook_county_no_preprocessing,Cook County learning curves with no preprocessing,,,,,,,,,,
tabpfn,500,42306,82,0.36281609535217285,42.188448905944824,0.02478047952347673,190247.3077828795,1852514.7126118105,3431810760443.2188,9,success,cook_county_no_preprocessing,Cook County learning curves with no preprocessing,,,,,,,,,,
tabpfn,1000,42306,82,0.43219590187072754,84.67040467262268,0.04298163395705923,185825.43587973632,1835145.9479736956,3367760650364.274,0,success,cook_county_no_preprocessing,Cook County learning curves with no preprocessing,,,,,,,,,,
tabpfn,1000,42306,82,0.43350911140441895,85.65171265602112,0.04965841652261338,185229.57300789192,1828733.1575925157,3344264961678.2925,1,success,cook_county_no_preprocessing,Cook County learning curves with no preprocessing,,,,,,,,,,
tabpfn,1000,42306,82,0.4343562126159668,84.34290766716003,0.054047548435806725,184862.35550162062,1824505.2882251434,3328819546761.514,2,success,cook_county_no_preprocessing,Cook County learning curves with no preprocessing,,,,,,,,,,
tabpfn,1000,42306,82,0.4325432777404785,84.70465970039368,0.03252975614887399,188937.72168028768,1845139.8187046263,3404540950569.341,3,success,cook_county_no_preprocessing,Cook County learning curves with no preprocessing,,,,,,,,,,
tabpfn,1000,42306,82,0.441739559173584,84.98452568054199,0.09248878148942152,182195.381826381,1787049.0549092076,3193544324651.892,4,success,cook_county_no_preprocessing,Cook County learning curves with no preprocessing,,,,,,,,,,
tabpfn,1000,42306,82,0.44335007667541504,86.07100820541382,0.031464244063516555,187115.1865822076,1846155.6007265565,3408290502094.0327,5,success,cook_county_no_preprocessing,Cook County learning curves with no preprocessing,,,,,,,,,,
tabpfn,1000,42306,82,0.433290958404541,85.78330945968628,0.03580100348968873,191194.2085224318,1842017.7487395746,3393029386671.6104,6,success,cook_county_no_preprocessing,Cook County learning curves with no preprocessing,,,,,,,,,,
tabpfn,1000,42306,82,0.4346902370452881,83.52689743041992,0.04505392585751611,183891.28244663877,1833157.9929108627,3360468226972.9824,7,success,cook_county_no_preprocessing,Cook County learning curves with no preprocessing,,,,,,,,,,
tabpfn,1000,42306,82,0.42586398124694824,84.80104446411133,0.037464298697139076,187424.87776187184,1840428.273040658,3387176228207.419,8,success,cook_county_no_preprocessing,Cook County learning curves with no preprocessing,,,,,,,,,,
tabpfn,1000,42306,82,0.43905138969421387,86.24767303466797,0.02634926556826145,187618.70558328016,1851024.0897968474,3426290181008.2476,9,success,cook_county_no_preprocessing,Cook County learning curves with no preprocessing,,,,,,,,,,
tabpfn,2000,42306,82,0.5316054821014404,28.46229314804077,0.16896173092978417,176864.88843208557,1710097.943146777,2924434975154.8374,0,success,cook_county_no_preprocessing,Cook County learning curves with no preprocessing,,,,,,,,,,
tabpfn,2000,42306,82,0.5348291397094727,28.171578884124756,0.3186014705134391,178320.46246875444,1548499.4981295601,2397850695707.5,1,success,cook_county_no_preprocessing,Cook County learning curves with no preprocessing,,,,,,,,,,
tabpfn,2000,42306,82,0.5475237369537354,28.16269588470459,0.12965969805581934,178825.19324109613,1750068.3882475777,3062739363543.4746,2,success,cook_county_no_preprocessing,Cook County learning curves with no preprocessing,,,,,,,,,,
tabpfn,2000,42306,82,0.5305731296539307,28.16713547706604,0.1820184632257067,177493.35067425424,1696610.7852328157,2878488156568.3115,3,success,cook_county_no_preprocessing,Cook County learning curves with no preprocessing,,,,,,,,,,
tabpfn,2000,42306,82,0.5481541156768799,28.050415515899658,0.10528060332202427,179101.53467076184,1774409.6848219417,3148529729589.9023,4,success,cook_county_no_preprocessing,Cook County learning curves with no preprocessing,,,,,,,,,,
tabpfn,2000,42306,82,0.5377585887908936,28.054598093032837,0.07406875605640917,177232.28209429514,1805094.0819679112,3258364644755.576,5,success,cook_county_no_preprocessing,Cook County learning curves with no preprocessing,,,,,,,,,,
tabpfn,2000,42306,82,0.5362980365753174,28.178504943847656,0.06679146384918266,178467.2408638107,1812173.7044335874,3283973535040.5513,6,success,cook_county_no_preprocessing,Cook County learning curves with no preprocessing,,,,,,,,,,
tabpfn,2000,42306,82,0.5412752628326416,28.050362825393677,0.07143951628436196,176080.12128561846,1807655.1040738618,3267616975284.284,7,success,cook_county_no_preprocessing,Cook County learning curves with no preprocessing,,,,,,,,,,
tabpfn,2000,42306,82,0.5324127674102783,28.05709981918335,0.04185158721612159,179170.79022035882,1836229.0979667944,3371737300219.9478,8,success,cook_county_no_preprocessing,Cook County learning curves with no preprocessing,,,,,,,,,,
tabpfn,2000,42306,82,0.5460453033447266,28.043097257614136,0.08080419742831824,177649.24218620732,1798516.7597028327,3234662534931.977,9,success,cook_county_no_preprocessing,Cook County learning curves with no preprocessing,,,,,,,,,,
tabpfn,5000,42306,82,1.0400331020355225,71.73821544647217,0.05160878887050013,174943.88667313737,1826855.6524397908,3337401574851.214,0,success,cook_county_no_preprocessing,Cook County learning curves with no preprocessing,,,,,,,,,,
tabpfn,5000,42306,82,1.0474860668182373,71.37400412559509,0.2836573060077796,173423.32729787886,1587708.9424762842,2520819686019.1606,1,success,cook_county_no_preprocessing,Cook County learning curves with no preprocessing,,,,,,,,,,
tabpfn,5000,42306,82,1.0478439331054688,71.3376088142395,0.18224625517630733,175337.57847161897,1696374.532228963,2877686553595.0327,2,success,cook_county_no_preprocessing,Cook County learning curves with no preprocessing,,,,,,,,,,
tabpfn,5000,42306,82,1.0407094955444336,71.47420239448547,0.21450415399222544,174095.21121191437,1662579.4924731522,2764170568792.284,3,success,cook_county_no_preprocessing,Cook County learning curves with no preprocessing,,,,,,,,,,
tabpfn,5000,42306,82,1.052907943725586,72.31498551368713,0.13703774863462803,176595.92310857208,1742634.7589721952,3036775903178.081,4,success,cook_county_no_preprocessing,Cook County learning curves with no preprocessing,,,,,,,,,,
tabpfn,5000,42306,82,1.036508321762085,73.01069140434265,0.09921956809978927,174748.69996591058,1780409.6705526751,3169858594997.4854,5,success,cook_county_no_preprocessing,Cook County learning curves with no preprocessing,,,,,,,,,,
tabpfn,5000,42306,82,1.041947603225708,71.35638213157654,0.09866189129789049,174661.0854256045,1780960.7146847947,3171821067250.574,6,success,cook_county_no_preprocessing,Cook County learning curves with no preprocessing,,,,,,,,,,
tabpfn,5000,42306,82,1.0508427619934082,73.78299117088318,0.1205587981396481,174237.108091568,1759194.575414117,3094765554166.4556,7,success,cook_county_no_preprocessing,Cook County learning curves with no preprocessing,,,,,,,,,,
tabpfn,5000,42306,82,1.0245153903961182,71.60151982307434,0.05811839865800272,175663.39389101134,1820575.2303724186,3314494169445.5854,8,success,cook_county_no_preprocessing,Cook County learning curves with no preprocessing,,,,,,,,,,
tabpfn,5000,42306,82,1.0542261600494385,71.33147692680359,0.13746917670186543,173786.49473275806,1742199.0993970474,3035257701939.8833,9,success,cook_county_no_preprocessing,Cook County learning curves with no preprocessing,,,,,,,,,,
xgboost,50,42306,82,6.946459054946899,0.016907930374145508,0.021251035680879493,218282.52698531238,1855863.9285635927,3444230921343.4917,0,success,cook_county_no_preprocessing,Cook County learning curves with no preprocessing,2.0,0.04043535824607918,50.0,0.782372693380045,0.8554484075807476,3.0,0.08130334006555182,1.3341416035291875,0.37163870846741337,6.833572626113892
xgboost,50,42306,82,7.990899085998535,0.017746448516845703,0.02468014995837775,209862.0972143431,1852610.002549859,3432163821547.7886,1,success,cook_county_no_preprocessing,Cook County learning curves with no preprocessing,4.0,0.07500118950416987,50.0,0.8822634555704315,0.7511572371061874,3.0,0.7902619549708229,8.536189862866832,0.7246804518258448,7.9613196849823
xgboost,50,42306,82,10.792632579803467,0.08196449279785156,0.029773043322286363,241254.00972956888,1847766.7224277123,3414241860511.2505,2,success,cook_county_no_preprocessing,Cook County learning curves with no preprocessing,4.0,0.01177109003123776,450.0,0.8669252808220912,0.7555311227854034,3.0,0.16819598728210441,0.46612073058771225,0.020081846048330028,10.692805528640747
xgboost,50,42306,82,9.481098651885986,0.03186774253845215,0.01808972928972985,241511.3063417423,1858858.682510212,3455355601543.601,3,success,cook_county_no_preprocessing,Cook County learning curves with no preprocessing,3.0,0.012809650594065343,200.0,0.887832373532924,0.8494718533558326,5.0,0.028421436373174014,1.9502319128701142,0.032638557988305096,9.42884111404419
xgboost,50,42306,82,8.634798049926758,0.01983332633972168,0.0250456155503459,239540.86812068897,1852262.8709655344,3430877743157.484,4,success,cook_county_no_preprocessing,Cook County learning curves with no preprocessing,2.0,0.04388157982780893,200.0,0.9543346547787641,0.9005622080440233,3.0,0.021998291851483828,0.2691865425265641,0.07969580951991118,8.584666728973389
xgboost,50,42306,82,6.7545998096466064,0.016309022903442383,0.017332828870214256,215085.16418327187,1859574.9902645836,3458019144417.526,5,success,cook_county_no_preprocessing,Cook County learning curves with no preprocessing,3.0,0.024292810014265195,50.0,0.7027298112135423,0.9296817801963371,4.0,0.07195234638627228,0.19473191078801808,0.05809996702939396,6.725938081741333
xgboost,50,42306,82,7.595985651016235,0.023511886596679688,0.02216932948682715,215627.1940283293,1854993.1085982372,3440999432946.9517,6,success,cook_county_no_preprocessing,Cook County learning curves with no preprocessing,2.0,0.013430975910475065,250.0,0.7579020347658104,0.7224624692173752,3.0,0.015329704310636632,7.322503823245221,0.6307669232033031,7.538804769515991
xgboost,50,42306,82,7.468055963516235,0.025115251541137695,0.020634891615198048,228878.8259149116,1856447.9903011774,3446399140693.2803,7,success,cook_county_no_preprocessing,Cook County learning curves with no preprocessing,4.0,0.011146009030555888,200.0,0.9860967577653723,0.7790980847319411,7.0,0.016867063275424223,7.422886728661553,0.05784793031799915,7.415788173675537
xgboost,50,42306,82,9.275821447372437,0.024292707443237305,0.009545535702675134,207213.0968459335,1866928.6903951145,3485422735020.417,8,success,cook_county_no_preprocessing,Cook County learning curves with no preprocessing,2.0,0.010291077421588543,250.0,0.8745442875743187,0.9103372664825011,5.0,0.02306721380430163,0.3472844455536548,0.03315947457120423,9.218525648117065
xgboost,50,42306,82,7.956626653671265,0.032945871353149414,0.008106815674405077,243769.16381269819,1868284.1353428343,3490485610373.722,9,success,cook_county_no_preprocessing,Cook County learning curves with no preprocessing,4.0,0.19538386762277937,200.0,0.8230892058959935,0.9039811862654673,10.0,0.136000704515683,7.571026611920344,0.35046439936517537,7.904646396636963
xgboost,100,42306,82,13.091108322143555,0.04563283920288086,0.024293253262176684,205342.56397271517,1852977.419259463,3433525316285.4595,0,success,cook_county_no_preprocessing,Cook County learning curves with no preprocessing,3.0,0.010038455317965484,350.0,0.9386760636341618,0.6996681352973491,4.0,5.726721303682618e-07,1.8555343054584383,1.0092214942254774e-08,13.012906074523926
xgboost,100,42306,82,12.27132534980774,0.03212690353393555,0.016962231516360116,217447.21203774287,1859925.6118317542,3459323281547.725,1,success,cook_county_no_preprocessing,Cook County learning curves with no preprocessing,8.0,0.018433100901120894,100.0,0.910001998468094,0.6028512714909278,8.0,0.00028154581068513964,4.293548978340383,2.9819710058734236e-05,12.23132061958313
xgboost,100,42306,82,26.623756885528564,0.1431138515472412,0.02848428859924279,216985.79122486367,1848993.5115935863,3418777005915.1816,2,success,cook_county_no_preprocessing,Cook County learning curves with no preprocessing,4.0,0.02885645768108196,950.0,0.9658020465692422,0.7898417436706889,2.0,1.6773854080470567e-06,1.1961249970254815,0.22468104372194053,26.414364099502563
xgboost,100,42306,82,15.169912099838257,0.0663905143737793,0.022797251903951543,216826.25194897,1854397.4130207878,3438789765418.19,3,success,cook_county_no_preprocessing,Cook County learning curves with no preprocessing,9.0,0.01217484169844739,150.0,0.7248006166132267,0.6622381011524294,4.0,3.346370053458453e-05,0.5481353566881374,2.1273196262037974e-05,15.113141536712646
xgboost,100,42306,82,16.18986487388611,0.028062105178833008,-0.06788993965543755,306600.3828948612,1938535.3301699776,3757919226317.224,4,success,cook_county_no_preprocessing,Cook County learning curves with no preprocessing,3.0,0.017411297913005146,200.0,0.7148334866260175,0.6433290139772218,1.0,1.3053422042855426e-07,0.7514553680938901,6.727016221526436e-05,16.136334896087646
xgboost,100,42306,82,12.209896564483643,0.02763676643371582,0.02068025197099166,208214.45128793787,1856404.9981036233,3446239516984.114,5,success,cook_county_no_preprocessing,Cook County learning curves with no preprocessing,8.0,0.01418199452519185,100.0,0.7712469018446747,0.9402131514775263,10.0,6.756892567998213e-07,0.22353557789801703,2.3509884459924523e-07,12.169986009597778
xgboost,100,42306,82,15.602019786834717,0.14609766006469727,0.021847567513352262,210927.3644427098,1855298.2826783378,3442131717709.1895,6,success,cook_county_no_preprocessing,Cook County learning curves with no preprocessing,8.0,0.011707201920670311,350.0,0.6707676484481179,0.6870748705312015,4.0,0.0036593032183049987,0.3537461601168061,0.19631072063354785,15.498752355575562
xgboost,100,42306,82,18.297317028045654,0.09893393516540527,0.0008208509079955517,249771.83845196493,1875133.3337958804,3516125019512.4526,7,success,cook_county_no_preprocessing,Cook County learning curves with no preprocessing,9.0,0.08095559027307159,200.0,0.7482921609715772,0.6989214275656294,1.0,1.370354976189106e-07,1.5213819989281574,0.00321403427494376,18.215734481811523
xgboost,100,42306,82,12.968413829803467,0.04397177696228027,0.023146315226157288,215938.431650874,1854066.1818927426,3437561406838.3325,8,success,cook_county_no_preprocessing,Cook County learning curves with no preprocessing,5.0,0.02905244108149414,150.0,0.9125692551246017,0.6202520171126161,3.0,2.3357963996100025e-06,6.9985275618112865,0.0007001007620613991,12.916682958602905
xgboost,100,42306,82,15.420767784118652,0.1557619571685791,0.014308912955402597,209417.17058455065,1862433.9842427168,3468660345662.2007,9,success,cook_county_no_preprocessing,Cook County learning curves with no preprocessing,8.0,0.01012055886710948,400.0,0.9218511525034684,0.7548435252758683,3.0,4.946197047706668e-08,9.455686007078299,1.662913886424527e-05,15.300779819488525
xgboost,200,42306,82,18.0161612033844,0.08007121086120605,0.016785118823708034,199696.1442959849,1860093.1545282323,3459946543522.7905,0,success,cook_county_no_preprocessing,Cook County learning curves with no preprocessing,9.0,0.024639767281873125,150.0,0.7545427402141308,0.7333981502963864,2.0,1.0717237909389994e-05,5.579754848128926,0.22361816741611562,17.94118881225586
xgboost,200,42306,82,15.112087726593018,0.040894269943237305,0.02115232895945196,200532.2342553361,1855957.5080370517,3444578271639.1025,1,success,cook_county_no_preprocessing,Cook County learning curves with no preprocessing,8.0,0.018433100901120894,100.0,0.910001998468094,0.6028512714909278,8.0,0.00028154581068513964,4.293548978340383,2.9819710058734236e-05,15.06686282157898
xgboost,200,42306,82,19.122051000595093,0.20135164260864258,0.02318188031555568,232474.83500344685,1854032.430354139,3437436252804.8755,2,success,cook_county_no_preprocessing,Cook County learning curves with no preprocessing,7.0,0.028869220380495747,550.0,0.8186841117373118,0.6739417822102108,10.0,0.01588775693167255,7.56829206016762,0.2679098473010567,18.968194484710693
xgboost,200,42306,82,15.229275703430176,0.030280351638793945,0.02334849616324952,206382.2584244847,1853874.3024730745,3436849929370.0283,3,success,cook_county_no_preprocessing,Cook County learning curves with no preprocessing,4.0,0.02920106376061482,150.0,0.8780499538975782,0.8927990853352347,4.0,0.014832133386644165,0.7975412569939028,4.2623439248717255e-05,15.176420450210571
xgboost,200,42306,82,15.119608163833618,0.044293880462646484,0.033678819195162024,219188.82290964935,1844043.7581783195,3400497382076.421,4,success,cook_county_no_preprocessing,Cook County learning curves with no preprocessing,8.0,0.018433100901120894,100.0,0.910001998468094,0.6028512714909278,8.0,0.00028154581068513964,4.293548978340383,2.9819710058734236e-05,15.073612213134766
xgboost,200,42306,82,15.830531597137451,0.05841255187988281,0.02619170768502832,198706.7772948134,1851173.851733792,3426844629342.924,5,success,cook_county_no_preprocessing,Cook County learning curves with no preprocessing,8.0,0.03386632367289378,100.0,0.7975298260813921,0.6684360265885099,1.0,0.010778557550103847,5.294813981769927,0.35589333229030923,15.772166013717651
xgboost,200,42306,82,20.87363052368164,0.09915351867675781,0.024671428982152577,201007.4071783184,1852618.2852335703,3432194510781.774,6,success,cook_county_no_preprocessing,Cook County learning curves with no preprocessing,9.0,0.012712829603684873,250.0,0.627559866049331,0.6849734591903663,9.0,2.3007783139703846e-07,1.4565238277035921,0.0007915794232475267,20.79048800468445
xgboost,200,42306,82,14.481342792510986,0.04298067092895508,0.018314597981196723,205562.56000663323,1858645.8203646503,3454564285558.9844,7,success,cook_county_no_preprocessing,Cook County learning curves with no preprocessing,8.0,0.018433100901120894,100.0,0.910001998468094,0.6028512714909278,8.0,0.00028154581068513964,4.293548978340383,2.9819710058734236e-05,14.435524702072144
xgboost,200,42306,82,15.324890851974487,0.09403181076049805,0.023634346630165726,201583.45674630962,1853602.9827576205,3435844017687.9473,8,success,cook_county_no_preprocessing,Cook County learning curves with no preprocessing,9.0,0.010487623149827539,200.0,0.7024598673816786,0.9939902112156979,9.0,5.28927314829357e-05,0.10613981415313745,1.7309342902835e-06,15.247677087783813
xgboost,200,42306,82,13.75678539276123,0.01824164390563965,0.021364270987934253,195429.83240058296,1855756.5693693224,3443832444757.397,9,success,cook_county_no_preprocessing,Cook County learning curves with no preprocessing,3.0,0.033953489073402315,100.0,0.8417607868078831,0.6605390229590414,5.0,2.4331722429651084e-07,0.10912221014695882,0.007982991564873688,13.718162059783936
xgboost,500,42306,82,17.936772108078003,0.050020456314086914,0.024440094712918303,190502.51483130347,1852837.9797549807,3433008579222.518,0,success,cook_county_no_preprocessing,Cook County learning curves with no preprocessing,8.0,0.034385556340785106,100.0,0.6705308295344445,0.7049008645348795,8.0,0.0003606503866167604,5.976830867420436,8.346608598664635e-05,17.88143277168274
xgboost,500,42306,82,18.98609447479248,0.05223369598388672,0.025914337733182857,190618.30589244876,1851437.4680169711,3427820697977.0933,1,success,cook_county_no_preprocessing,Cook County learning curves with no preprocessing,5.0,0.034199390730983395,200.0,0.6377739022043656,0.802844968293012,5.0,6.675709591176246e-05,2.627900965886821,1.0407190669157035e-08,18.90980076789856
xgboost,500,42306,82,19.30421805381775,0.07639455795288086,0.03485188402695627,203433.05041561037,1842924.1305527908,3396369350973.7603,2,success,cook_county_no_preprocessing,Cook County learning curves with no preprocessing,8.0,0.015282978573765304,150.0,0.6625792006997334,0.9416915128672596,10.0,4.238664197664561e-06,0.12639209437709903,1.0678810650489793e-06,19.229949951171875
xgboost,500,42306,82,17.946877002716064,0.02429819107055664,0.028787652079388715,198570.94072907802,1848704.8076156669,3417709465701.2803,3,success,cook_county_no_preprocessing,Cook County learning curves with no preprocessing,4.0,0.02945097474567183,100.0,0.9551628219796191,0.6250381731149464,3.0,1.9905542509553577e-07,3.7136860135223175,0.06704991292684954,17.901805639266968
xgboost,500,42306,82,30.064579248428345,0.13745403289794922,0.03631723544784893,227327.08335177257,1841524.5747443873,3391212759387.496,4,success,cook_county_no_preprocessing,Cook County learning curves with no preprocessing,5.0,0.022695343455381597,650.0,0.9336867242197462,0.9402038704398271,1.0,0.9726878708920169,3.211189651406921,7.053831737117218e-07,29.847201347351074
xgboost,500,42306,82,16.122167348861694,0.017755985260009766,0.04549061815837174,223607.9269898921,1832738.7977628077,3358931500825.0615,5,success,cook_county_no_preprocessing,Cook County learning curves with no preprocessing,3.0,0.015291723388848315,100.0,0.7116398258831877,0.7573410612857845,8.0,0.0003807950815272041,0.6070476797426239,7.777352530464369e-08,16.080931186676025
xgboost,500,42306,82,20.95686650276184,0.03730654716491699,0.025807171653899785,191411.9006161951,1851539.310106077,3428197816868.0874,6,success,cook_county_no_preprocessing,Cook County learning curves with no preprocessing,6.0,0.038032516504372664,100.0,0.832751216808676,0.6862796554086114,4.0,2.9037270537834065e-07,3.147914038504693,0.0017626750601498276,20.903449296951294
xgboost,500,42306,82,18.70614981651306,0.11683011054992676,0.01839368877838221,193225.40439170125,1858570.946713538,3454285963967.6567,7,success,cook_county_no_preprocessing,Cook County learning curves with no preprocessing,7.0,0.013201176835128088,300.0,0.8260412593138108,0.6195255590782022,2.0,0.0048876024639125095,6.122940640707234,0.009856689360223627,18.575064182281494
xgboost,500,42306,82,18.132683753967285,0.05257773399353027,0.02501083952462624,191699.26256692313,1852295.905211994,3431000120465.12,8,success,cook_county_no_preprocessing,Cook County learning curves with no preprocessing,6.0,0.015447361844760822,150.0,0.6961146448728004,0.915544953987198,4.0,8.093901159738331e-08,1.3793050040190784,2.037055835715184e-07,18.062129735946655
xgboost,500,42306,82,18.35356903076172,0.05885195732116699,0.04056079612957453,220335.20561282677,1837465.5402523207,3376279611614.753,9,success,cook_county_no_preprocessing,Cook County learning curves with no preprocessing,9.0,0.024084841282661702,100.0,0.8172495850855229,0.6579955144305599,7.0,0.2994983867657392,6.703850766770914,3.044635761045216e-06,18.296130895614624
xgboost,1000,42306,82,23.859216690063477,0.06110095977783203,0.033285424178107315,185126.6430847575,1844419.080494882,3401881744493.586,0,success,cook_county_no_preprocessing,Cook County learning curves with no preprocessing,3.0,0.01594398262910152,550.0,0.7988171725783451,0.9608962571950985,5.0,0.2910940750869662,7.336467881524198,0.03607522691332971,23.710930347442627
xgboost,1000,42306,82,20.567118167877197,0.09168601036071777,0.04176769749680842,196907.36112508422,1836309.4808020603,3372032509283.5327,1,success,cook_county_no_preprocessing,Cook County learning curves with no preprocessing,8.0,0.013852039830302854,200.0,0.6073248792362047,0.6097417995448162,5.0,2.4239938644469875e-05,0.10356164116594054,1.8053209299049381e-06,20.46137309074402
xgboost,1000,42306,82,22.892677307128906,0.07551789283752441,0.04023401279525629,190723.16469507501,1837778.4324053086,3377429566614.114,2,success,cook_county_no_preprocessing,Cook County learning curves with no preprocessing,4.0,0.011878655214755918,450.0,0.6206088195542173,0.9405092199634228,10.0,9.045913652224775e-08,0.6231875405475259,1.9939920619034237,22.755685806274414
xgboost,1000,42306,82,21.615935564041138,0.06180739402770996,0.03475634113397963,193514.84042600341,1843015.346575825,3396705567714.009,3,success,cook_county_no_preprocessing,Cook County learning curves with no preprocessing,3.0,0.01295763084846137,600.0,0.6471368331739742,0.9245847630522618,10.0,0.11820980893257445,0.8800125854111392,2.87694544820335e-05,21.457884073257446
xgboost,1000,42306,82,24.098227977752686,0.05202960968017578,0.048355739434543965,191428.77789137844,1829986.0928635942,3348849100074.1636,4,success,cook_county_no_preprocessing,Cook County learning curves with no preprocessing,5.0,0.045209681767299066,200.0,0.9501011610254743,0.8160914776432863,1.0,0.14929654032028128,0.10447530602668312,0.013088174193279876,24.00809955596924
xgboost,1000,42306,82,21.853771686553955,0.0431981086730957,0.03593748161459287,213131.75367412425,1841887.3793729313,3392549118293.2847,5,success,cook_county_no_preprocessing,Cook County learning curves with no preprocessing,7.0,0.022497697248619036,100.0,0.8146490934407299,0.7787037202314497,7.0,0.0001785107204778631,9.301634351490872,0.0002105848832028922,21.79039692878723
xgboost,1000,42306,82,19.029385805130005,0.03249359130859375,0.026854005449902574,189133.66746220985,1850544.2427831206,3424513994497.7534,6,success,cook_county_no_preprocessing,Cook County learning curves with no preprocessing,3.0,0.022688436711531437,200.0,0.9627554175680657,0.7616876443818161,7.0,0.00013452129194837983,0.31111899770383317,8.52412172557948e-08,18.962446212768555
xgboost,1000,42306,82,18.433700561523438,0.05647540092468262,0.034635281753569225,186581.95154277762,1843130.917032398,3397131577320.6885,7,success,cook_county_no_preprocessing,Cook County learning curves with no preprocessing,7.0,0.01949714191098525,150.0,0.9065283709232613,0.6296291371341683,6.0,6.304353510579546e-06,7.049676676951814,1.9149553043948276e-05,18.35514736175537
xgboost,1000,42306,82,23.284415245056152,0.1578056812286377,0.028273659909232363,188962.2865935092,1849193.9355137786,3419518211140.937,8,success,cook_county_no_preprocessing,Cook County learning curves with no preprocessing,9.0,0.015430381249053687,300.0,0.6439591092211957,0.9085309511729264,9.0,0.0001471173734033003,3.340801627022598,4.468927919374702e-05,23.118621349334717
xgboost,1000,42306,82,39.26749038696289,0.14706969261169434,0.0457547487100507,209667.61166499127,1832485.2037111241,3358002021820.2,9,success,cook_county_no_preprocessing,Cook County learning curves with no preprocessing,6.0,0.012499762712216677,550.0,0.8581202016541282,0.9676272424936649,1.0,0.043066544862138845,7.1591358642271805,2.5301924697669435e-06,38.98472332954407
xgboost,2000,42306,82,35.104477405548096,0.14963126182556152,0.08994441068283976,182253.80806264922,1789552.4580566178,3202498000136.4824,0,success,cook_county_no_preprocessing,Cook County learning curves with no preprocessing,5.0,0.012453348365160873,700.0,0.7122334373214766,0.7225487971810539,2.0,1.748458067356789e-06,9.947375550838643,0.00021024508138070848,34.82795476913452
xgboost,2000,42306,82,26.478567123413086,0.05792880058288574,0.17368049934379082,183433.7595162329,1705235.9264650107,2907829564906.984,1,success,cook_county_no_preprocessing,Cook County learning curves with no preprocessing,6.0,0.016818855900856158,200.0,0.6598575582708971,0.8852098043303755,1.0,0.00507542541509797,7.516631485503754,2.459620992161302e-05,26.356149435043335
xgboost,2000,42306,82,26.943211793899536,0.062073707580566406,0.07278579651987782,189090.89551824617,1806344.207735427,3262879396819.327,2,success,cook_county_no_preprocessing,Cook County learning curves with no preprocessing,4.0,0.024412281107089845,350.0,0.7993303077060707,0.8840232378135311,1.0,1.0270701191372563e-08,2.311796363226368,0.2597437577918636,26.815382719039917
xgboost,2000,42306,82,35.100319147109985,0.03408646583557129,0.04579503769456006,219027.8667852964,1832446.5188200115,3357860244335.579,3,success,cook_county_no_preprocessing,Cook County learning curves with no preprocessing,4.0,0.010379528605142645,200.0,0.6165626335635735,0.7892997223612954,9.0,1.2064400036568041e-06,5.315961417677021,2.4220894791527746e-05,35.01674747467041
xgboost,2000,42306,82,26.90182399749756,0.060186147689819336,0.0530144158863991,186451.88930925136,1825501.3432640017,3332455154258.6743,4,success,cook_county_no_preprocessing,Cook County learning curves with no preprocessing,7.0,0.03255578108428842,150.0,0.7773341994753006,0.740195813355403,1.0,0.0010525618297586433,5.061701280339518,1.0233442823244402e-08,26.797154426574707
xgboost,2000,42306,82,31.677348136901855,0.09392571449279785,0.036194084332035636,192787.40215945285,1841642.2372001347,3391646129839.517,5,success,cook_county_no_preprocessing,Cook County learning curves with no preprocessing,7.0,0.019927298503315635,250.0,0.8217410418644474,0.6402964620124194,1.0,3.4206197817122794e-05,6.155970405658353,0.0025934643668811437,31.504403352737427
xgboost,2000,42306,82,29.737786293029785,0.07543039321899414,0.02911026445783904,184004.41367211507,1848397.7354326,3416574188352.364,6,success,cook_county_no_preprocessing,Cook County learning curves with no preprocessing,4.0,0.02204279823760044,450.0,0.6381914908845733,0.7694960755375659,5.0,0.0008759753720245974,2.2217111618555085,1.7945968869445564e-05,29.57641053199768
xgboost,2000,42306,82,29.46712851524353,0.14649033546447754,0.037562103011098746,186837.85785187088,1840334.7666921811,3386832053495.965,7,success,cook_county_no_preprocessing,Cook County learning curves with no preprocessing,6.0,0.01022842254056663,500.0,0.8660533386092715,0.6280550306066305,1.0,3.7920483649147597e-07,5.264872636120493,0.004842717940375703,29.216660737991333
xgboost,2000,42306,82,27.480130434036255,0.07729768753051758,0.03786064961738933,193041.45607153833,1840049.3101889128,3385781463926.694,8,success,cook_county_no_preprocessing,Cook County learning curves with no preprocessing,7.0,0.013044516352582488,200.0,0.9552593989726977,0.6835684569462417,4.0,1.6054233033288396e-06,4.127839295135387,1.0073746185228958e-08,27.34181523323059
xgboost,2000,42306,82,22.97363805770874,0.04584240913391113,0.07304419777454718,193015.16414056777,1806092.4891291116,3261970079288.59,9,success,cook_county_no_preprocessing,Cook County learning curves with no preprocessing,6.0,0.03938240455485273,150.0,0.892000852965658,0.7309863567160474,1.0,0.1327203725589641,6.950936626163694,8.68036399764839e-08,22.876054286956787
xgboost,5000,42306,82,48.52181887626648,0.23881936073303223,0.2403109421802999,182224.2314975731,1635040.1004429348,2673356130056.442,0,success,cook_county_no_preprocessing,Cook County learning curves with no preprocessing,6.0,0.013007130765172037,950.0,0.8031912272095859,0.6341723321214855,1.0,0.0011225034770984445,9.301634351490872,2.583550867286681e-06,48.00149130821228
xgboost,5000,42306,82,34.01832294464111,0.11453676223754883,-1.3570367800483187,275546.69707930804,2880007.725082567,8294444496535.264,1,success,cook_county_no_preprocessing,Cook County learning curves with no preprocessing,7.0,0.023753104248050917,350.0,0.819236048591034,0.9268824516358776,1.0,3.0650875214481495e-06,6.028071415508352,0.04500109053159262,33.75859260559082
xgboost,5000,42306,82,39.14087104797363,0.06331372261047363,0.1115736294066294,181176.74336271748,1768158.501147846,3126384485181.3975,2,success,cook_county_no_preprocessing,Cook County learning curves with no preprocessing,7.0,0.026962709548225935,150.0,0.7675443347893829,0.9764276773986633,2.0,1.2106055516307848e-05,5.036703811677931,1.0584000151613784e-05,38.99010419845581
xgboost,5000,42306,82,28.91158628463745,0.0463864803314209,0.14088963751095207,194451.45460048516,1738741.2268124463,3023221053817.251,3,success,cook_county_no_preprocessing,Cook County learning curves with no preprocessing,5.0,0.01581862405506691,200.0,0.8071677803442764,0.6311586315476444,2.0,0.00014893068269818466,9.040342168519437,2.1898920582008388e-07,28.791728734970093
xgboost,5000,42306,82,46.44083070755005,0.2486438751220703,0.062414376849504793,183773.00806567774,1816418.609171024,3299376563742.798,4,success,cook_county_no_preprocessing,Cook County learning curves with no preprocessing,9.0,0.012755328593041942,500.0,0.8335168430986495,0.8728092311005622,1.0,1.6451666534319463e-05,1.3181206619816939,1.724558705004408e-05,45.78944635391235
xgboost,5000,42306,82,33.76232933998108,0.13231945037841797,0.05913023662941952,199515.24964765637,1819597.0701938628,3310933497858.089,5,success,cook_county_no_preprocessing,Cook County learning curves with no preprocessing,6.0,0.01278464316002173,500.0,0.8778378061252803,0.646615929943361,1.0,2.934086167687482e-06,8.161720943200473,0.4589411183948273,33.42483878135681
xgboost,5000,42306,82,38.45912432670593,0.09299898147583008,0.05723465341649281,182380.05180633362,1821429.131471723,3317604080973.8354,6,success,cook_county_no_preprocessing,Cook County learning curves with no preprocessing,7.0,0.019927298503315635,250.0,0.8217410418644474,0.6402964620124194,1.0,3.4206197817122794e-05,6.155970405658353,0.0025934643668811437,38.23487329483032
xgboost,5000,42306,82,38.90656304359436,0.12893438339233398,0.1432415733372383,195736.5479216319,1736359.570954819,3014944559646.4033,7,success,cook_county_no_preprocessing,Cook County learning curves with no preprocessing,9.0,0.02365768003948825,250.0,0.6608022558191962,0.6638535194734315,2.0,0.0070543288323632125,8.154869303364535,1.669266767038572e-05,38.65211033821106
xgboost,5000,42306,82,33.05955195426941,0.13266992568969727,0.062086170663095186,184209.7727879299,1816736.504223446,3300531525778.0264,8,success,cook_county_no_preprocessing,Cook County learning curves with no preprocessing,8.0,0.01598548754916561,300.0,0.913817291517769,0.6794102065312471,4.0,0.0032477922410154036,8.516875558349621,3.245054012296672e-05,32.76876258850098
xgboost,5000,42306,82,37.331478118896484,0.1275341510772705,0.09190436116646039,188600.00512291354,1787624.3754545993,3195600907719.446,9,success,cook_county_no_preprocessing,Cook County learning curves with no preprocessing,6.0,0.010115076952126715,450.0,0.9943290005958426,0.7006370428783895,1.0,1.077838914396089e-08,7.152703768281029,0.13668339100714216,37.01661682128906
