seed,train_size,test_type,n_train,n_test,n_train_cbgs,n_test_cbgs,mae,mse,r2,mean_ratio,median_ratio,std_ratio,train_time,pred_time,status
0,25,full,25,39011,0,0,189098.54318253184,111703624266.23338,-0.04210044891321374,1.0116673610815012,0.8435415239726022,0.7309557812280223,8.937726736068726,16.10843849182129,success
0,50,full,50,39011,0,0,163863.9366558871,68747897068.98592,0.35864019750444043,0.9172070241978113,0.7698453663793107,0.5842228372096732,0.3714115619659424,10.677368640899658,success
0,75,full,75,39011,0,0,167210.16340823742,72102197766.74614,0.3273474056555865,0.877658049105747,0.7404747767857139,0.5677073084226244,0.390683650970459,10.88227128982544,success
0,100,full,100,39011,0,0,164215.3390586149,72484863850.62071,0.3237774543634143,0.9066841624423043,0.7715133196721309,0.5759332730937156,0.4084968566894531,11.023454427719116,success
0,200,full,200,39011,0,0,152324.85801580804,63054937586.17749,0.41175070015509396,0.9763524737154415,0.8209526978417262,0.6409107028168968,0.3071320056915283,14.439502000808716,success
0,300,full,300,39011,0,0,146477.93287330013,57219243026.386894,0.4661928004936101,0.9837566004955539,0.8353273065476187,0.6381174681535629,0.32097554206848145,15.441335678100586,success
0,400,full,400,39011,0,0,144371.9364025531,55971790273.91974,0.4778304808453747,1.0081878629991903,0.8583565193965519,0.6460232583989733,0.33715057373046875,16.882051467895508,success
0,500,full,500,39011,0,0,138389.91452731282,51290381635.86367,0.5215040686569667,1.0468352041494398,0.8905202343749997,0.6683897731976584,0.3474154472351074,18.250181913375854,success
0,600,full,600,39011,0,0,138432.63019985548,50590333856.69583,0.5280349230470873,1.0266470527309424,0.8679707142857147,0.6660669435611642,0.3686537742614746,20.355677843093872,success
0,700,full,700,39011,0,0,134417.80388564282,48413434019.5331,0.548343559516568,1.0716715345245078,0.9046378499034755,0.6927573772931146,0.38014960289001465,21.639046669006348,success
0,800,full,800,39011,0,0,134094.03837118857,47844038913.57646,0.5536555348389816,1.0756560641852737,0.9058909269323667,0.7003640318247816,0.39169859886169434,23.145950317382812,success
0,900,full,900,39011,0,0,133662.21043944336,47467136877.00375,0.5571717124392052,1.075093298676641,0.9062374393203876,0.6954337485669962,0.4050009250640869,24.789379358291626,success
0,1000,full,1000,39011,0,0,133053.56345385755,46800782572.39997,0.5633882351753683,1.066625802872504,0.9022845670391063,0.6834559139162224,0.4211997985839844,26.022650718688965,success
0,2000,full,2000,39011,0,0,130818.31923527979,46113205058.61218,0.5698027525241798,1.0614003116703543,0.9013661309523814,0.6696016541232555,0.639063835144043,28.74516749382019,success
0,3000,full,3000,39011,0,0,135740.32882952885,48839346126.75538,0.544370159360132,0.985016448091246,0.8408558593749995,0.6125600278648505,0.8385009765625,42.422327756881714,success
0,4000,full,4000,39011,0,0,135174.9863914585,47841890234.08905,0.5536755802034279,0.9854970191354407,0.8372767187499998,0.6150728765024285,1.2093536853790283,57.57543897628784,success
0,5000,full,5000,39011,0,0,136406.86078065322,48425392765.32851,0.5482319945208599,0.9816072614996422,0.8301791992187496,0.6237912109217781,1.3013694286346436,76.4478509426117,success
0,6000,full,6000,39011,0,0,130920.69159219514,45017201879.233696,0.5800275363012796,1.0190867497012668,0.859863081831832,0.6505859110889068,1.5202460289001465,95.27193021774292,success
0,7000,full,7000,39011,0,0,128446.99117236164,43699136716.983284,0.5923239707840524,1.0469293360081364,0.8803943117977521,0.6739661836718772,1.734673261642456,119.85040163993835,success
0,8000,full,8000,39011,0,0,128838.3631696028,43946384510.01578,0.5900173577461634,1.0423410238586062,0.8779518678160921,0.6680223219639715,2.013947010040283,144.96319317817688,success
0,9000,full,9000,39011,0,0,126910.96940746681,42541435216.4519,0.6031243477757232,1.0621156247749413,0.8924645833333327,0.6821627016008087,2.2165415287017822,1299.1392402648926,success
0,10000,full,10000,39011,0,0,125433.61307147343,41769341794.78583,0.61032732714731,1.0780448292113733,0.9067412731006164,0.6922780066524068,4.093053579330444,645.2363028526306,success
100,25,full,25,39011,0,0,209112.63149115795,126639741898.39235,-0.18144180862054182,0.8238137163938142,0.6908502358490569,0.5879652654506223,0.9055745601654053,24.462553024291992,success
100,50,full,50,39011,0,0,180213.50148956385,94494714913.15309,0.11844413753108496,0.9216644965091244,0.777318385416667,0.643579826698363,0.7768807411193848,2351.6591098308563,success
100,75,full,75,39011,0,0,159286.50436535527,70824104482.56131,0.3392709362836307,1.1147106629080066,0.9287214972527468,0.7769046871752529,0.6190140247344971,98.42263054847717,success
100,100,full,100,39011,0,0,151843.43887581388,61693437956.28829,0.4244523415281716,1.0143259130019877,0.8526320564516129,0.6858609759899087,0.6301450729370117,13.072384595870972,success
100,200,full,200,39011,0,0,150839.0986370431,62850187327.8272,0.41366084709565687,1.0442836157015754,0.8750660076530619,0.6983096542010205,0.5545473098754883,15.525333404541016,success
100,300,full,300,39011,0,0,147712.24115453815,59935502435.752625,0.4408523948580838,1.0301299952054888,0.8601184895833337,0.686747916248294,0.3545963764190674,16.51710534095764,success
100,400,full,400,39011,0,0,144798.99783514586,57691307209.68249,0.4617888404559688,1.0753179885945934,0.8919032824612398,0.731565491289746,0.371110200881958,17.556129693984985,success
100,500,full,500,39011,0,0,139949.10106724707,53135689086.27069,0.5042889090318072,1.133703218009978,0.9358243206521747,0.7766707677675364,0.38087987899780273,18.619027137756348,success
100,600,full,600,39011,0,0,138236.21769240565,51986655261.14202,0.5150084239342885,1.1305066562195856,0.9373931953463208,0.7708345449620446,0.40531229972839355,19.711302042007446,success
100,700,full,700,39011,0,0,138904.79071407745,53017276097.03725,0.505393602187897,1.1138983091313883,0.9257226666666662,0.7498201180959361,0.4166219234466553,21.465529441833496,success
100,800,full,800,39011,0,0,139673.0609745889,52269082802.76559,0.512373613561351,1.0490176305532584,0.8774504605263159,0.7020478617587685,0.43205761909484863,22.94167137145996,success
100,900,full,900,39011,0,0,138198.62982916678,50362242998.61859,0.5301628180653257,1.0697788542967581,0.8900125000000003,0.7396182482337674,0.46964049339294434,26.058862447738647,success
100,1000,full,1000,39011,0,0,136280.01050725277,48626706570.53538,0.5463539067850627,1.0809293738918302,0.9027841947115379,0.7413676678303902,0.48691582679748535,578.473265171051,success
100,2000,full,2000,39011,0,0,128449.61910102279,42714588614.86409,0.6015089728458451,1.103715233013333,0.9224955818965521,0.738693765669687,1.0462582111358643,17212.115728616714,success
100,3000,full,3000,39011,0,0,126539.26675308727,41621888502.660866,0.6117029417965797,1.0910148783637192,0.9135604166666669,0.7198353798778104,1.1339406967163086,42.02246928215027,success
100,4000,full,4000,39011,0,0,126621.3942253467,41584281909.64026,0.612053779539995,1.1183905697424141,0.928349193548388,0.7621552136982629,1.1407380104064941,57.65166640281677,success
100,5000,full,5000,39011,0,0,126494.94815725052,42212502404.01125,0.6061930130384519,1.133832081880283,0.9391856317934788,0.7851867867409321,1.3746204376220703,76.4962329864502,success
100,6000,full,6000,39011,0,0,124178.3531948521,40271365751.08267,0.6243021781681124,1.136301414449996,0.9507718750000005,0.7520514300064672,1.5897347927093506,95.5202169418335,success
100,7000,full,7000,39011,0,0,123166.89619294077,39619390214.493324,0.6303845591456612,1.1260764097993394,0.9453423387096774,0.730696539157744,1.865813970565796,119.46417665481567,success
100,8000,full,8000,39011,0,0,122859.86239458101,39394047753.872444,0.6324868139374351,1.1315647303504486,0.9497455492424239,0.7398946401089179,2.1056487560272217,144.87115859985352,success
100,9000,full,9000,39011,0,0,123872.40939254312,40285578315.47815,0.6241695869488566,1.1123817438085422,0.9365654861111105,0.7262533849586775,2.2962734699249268,172.72443556785583,success
100,10000,full,10000,39011,0,0,123738.4786909061,40211772280.01319,0.6248581349095497,1.1178589771000729,0.9396526785714281,0.7326623944333602,2.5645971298217773,202.69464755058289,success
200,25,full,25,39011,0,0,154722.5441582182,62934663210.6624,0.4128727584727212,1.0097100251073778,0.8297679687500004,0.7064227457284544,0.3687307834625244,11.369736433029175,success
200,50,full,50,39011,0,0,179403.35613833278,76089734611.5879,0.2901470555025456,1.4601639715715187,1.2114228125000004,1.0133571314172576,0.3859078884124756,11.319117546081543,success
200,75,full,75,39011,0,0,153353.3429950046,56624765543.24242,0.4717387732059827,1.1343597930223375,0.9432383324235815,0.7825198340836614,0.3944227695465088,11.496955871582031,success
200,100,full,100,39011,0,0,153393.08830602266,54980403679.50635,0.48707928026322,1.1493902969316232,0.9478869886363634,0.8439124411909001,0.5123610496520996,11.782439947128296,success
200,200,full,200,39011,0,0,151416.58886515984,55860934002.78856,0.47886467620536866,1.0104726478226562,0.8431388333333328,0.7068926042701044,0.32649731636047363,15.478904247283936,success
200,300,full,300,39011,0,0,144259.53319336212,52571390912.47356,0.509553334282982,1.0376806878793419,0.8665173295454551,0.7128634573635785,0.3768646717071533,16.88453459739685,success
200,400,full,400,39011,0,0,139391.30341241893,49340142562.28354,0.5396981516817223,1.092000674586693,0.9173152412280702,0.7366601862465053,0.38330745697021484,19.112426042556763,success
200,500,full,500,39011,0,0,135829.95111234652,46601400304.4689,0.5652483033001148,1.1732761404175218,0.9708342948717952,0.8236765576041675,0.3981130123138428,19.523342847824097,success
200,600,full,600,39011,0,0,136776.5124662355,49849967828.90123,0.5349419126366639,1.2668523572986354,1.0371579769736834,0.9564929453376463,0.4054234027862549,21.225126266479492,success
200,700,full,700,39011,0,0,135052.83982102002,49880690515.29954,0.5346552959266171,1.2193283492525293,0.9980151323198193,0.9264502329017476,0.4228529930114746,22.66224241256714,success
200,800,full,800,39011,0,0,138214.70845682948,50996184645.11607,0.5242486780475832,1.1717049222547358,0.9623924769850395,0.8729802882805521,0.4773991107940674,56.12358999252319,success
200,900,full,900,39011,0,0,137701.7813663534,49451478834.13371,0.5386594783205173,1.128031375218266,0.9342838293650796,0.7789980536041127,0.5005044937133789,64.98360991477966,success
200,1000,full,1000,39011,0,0,136313.77070409627,48854036446.86641,0.5442331110836509,1.1320853072030082,0.9387993692660547,0.777021117598182,0.5190961360931396,74.28871011734009,success
200,2000,full,2000,39011,0,0,130306.98231147946,45103441775.340485,0.5792229909247311,1.1009104464823318,0.9223025568181824,0.7194082953878113,0.6591439247131348,28.950239658355713,success
200,3000,full,3000,39011,0,0,126196.13439038028,42545394631.86751,0.6030874097747483,1.1344656054418754,0.9518233653846158,0.7351569219920063,0.9259169101715088,41.997633934020996,success
200,4000,full,4000,39011,0,0,125598.65036884628,41896318845.64286,0.6091427385310586,1.1244219244391087,0.9392716875000007,0.7361992605459562,1.1521978378295898,57.61149621009827,success
200,5000,full,5000,39011,0,0,124210.40904228135,40784416036.88375,0.6195158524185191,1.1363473812716294,0.9490496822033896,0.7498150891348873,1.3900501728057861,76.701584815979,success
200,6000,full,6000,39011,0,0,123069.93871600318,39894573657.5065,0.6278173300930564,1.149567075029214,0.9587182744565209,0.7573578583651641,1.6091961860656738,95.44255828857422,success
200,7000,full,7000,39011,0,0,123456.59759346723,40233978414.35719,0.6246509704355183,1.1303492128497343,0.9444328977272726,0.7389660444778536,1.8642807006835938,119.52582502365112,success
200,8000,full,8000,39011,0,0,122592.48921578209,39617160822.01874,0.6304053574940928,1.1327939980331498,0.9486758620689659,0.7370038392021463,2.1532764434814453,145.1195571422577,success
200,9000,full,9000,39011,0,0,122636.83092549216,39498798664.129684,0.6315095764366809,1.1243428802265258,0.9413809966216213,0.7345863728686234,2.3019516468048096,172.48241901397705,success
200,10000,full,10000,39011,0,0,122487.20975273801,39430508077.12528,0.6321466699226023,1.112619197374202,0.9373755208333336,0.7171805277769181,2.5590617656707764,203.33107376098633,success
300,25,full,25,39011,0,0,192842.2123440544,97781194523.26585,0.08778405913577803,1.0981915828212738,0.8570457792207798,1.0098196837880182,0.37967991828918457,11.765250444412231,success
300,50,full,50,39011,0,0,162562.7945257027,65346074534.59696,0.3903763279433293,1.1666928219113095,0.9918062500000006,0.8646791957592512,0.38826489448547363,10.977200508117676,success
300,75,full,75,39011,0,0,162253.9055668994,66476184106.487724,0.37983336033664183,1.0939595834599232,0.9214387907608689,0.8073072726923586,0.3854498863220215,11.038524150848389,success
300,100,full,100,39011,0,0,149758.21476514637,58928898056.77306,0.4502431633501828,1.0730049132193848,0.9008562977099234,0.7634595074659842,0.42097902297973633,11.002785444259644,success
300,200,full,200,39011,0,0,147871.90230259573,57354935391.72281,0.4649269053558335,1.0009918682454642,0.8420094288793106,0.6985803953460605,0.3028984069824219,14.643506050109863,success
300,300,full,300,39011,0,0,138575.7342552421,50327180542.93893,0.5304899211565978,1.0653978955376513,0.8970172526041661,0.7192627881275107,0.3281080722808838,16.04137873649597,success
300,400,full,400,39011,0,0,137813.64957700233,50044029184.210304,0.5331314841316559,1.0894463053948944,0.9135774621212118,0.7408309041833357,0.3372631072998047,17.1727614402771,success
300,500,full,500,39011,0,0,136513.76373210442,49857372092.97672,0.534872837107847,1.069847941641097,0.8961140125570769,0.720571391751293,0.35106611251831055,18.147237062454224,success
300,600,full,600,39011,0,0,133468.45477157083,47250679079.328255,0.5591910808313245,1.1304426114541326,0.9464105938796684,0.7659420320093778,0.9884419441223145,19.65381646156311,success
300,700,full,700,39011,0,0,130818.30459197405,44779773502.5586,0.582242542479845,1.1755484920142083,0.9787782860824735,0.8003423214657917,0.406414270401001,22.13623023033142,success
300,800,full,800,39011,0,0,131711.57688276222,46346065922.97627,0.5676303573769125,1.110839846676082,0.9306325657894737,0.7392013194750129,0.4205305576324463,24.342426538467407,success
300,900,full,900,39011,0,0,131187.46143675823,46091971856.0882,0.570000840366248,1.1114252291783981,0.9316318708609272,0.7359076293662106,0.43689727783203125,26.124367237091064,success
300,1000,full,1000,39011,0,0,129491.36709738118,44699518299.8524,0.5829912557227422,1.1121846726250597,0.9365150841346148,0.731427366114559,0.45253658294677734,27.44052290916443,success
300,2000,full,2000,39011,0,0,127799.57852232383,43164230704.32554,0.597314192001839,1.1046201437775314,0.9319719460227279,0.7213152213504261,0.6491436958312988,28.831822872161865,success
300,3000,full,3000,39011,0,0,126245.34447475552,41520218475.47834,0.6126514372609292,1.1387501382556606,0.9496088068181815,0.7617575754728446,0.8894364833831787,41.85960841178894,success
300,4000,full,4000,39011,0,0,124757.48607103605,40986578699.36215,0.6176298455614799,1.122488048515419,0.9427415625000005,0.7368199277113987,1.104201078414917,57.55294466018677,success
300,5000,full,5000,39011,0,0,124317.81239285874,40557332280.90186,0.6216343520249921,1.1178983894001182,0.9401345905172416,0.7341679940913055,1.3187041282653809,77.37354874610901,success
300,6000,full,6000,39011,0,0,123202.83481622169,39555065875.20939,0.6309846508909751,1.1269861203108078,0.9443507621951219,0.7420968236975203,1.524899959564209,95.20058155059814,success
300,7000,full,7000,39011,0,0,122652.21258166764,39433325586.44207,0.632120384940865,1.1256780437043574,0.9455477499999996,0.7318773846697241,1.7688908576965332,119.38683557510376,success
300,8000,full,8000,39011,0,0,122306.60992812924,39141031032.14906,0.6348472462065088,1.1269472731368297,0.946539166666667,0.7366190184598146,2.025009870529175,144.96313738822937,success
300,9000,full,9000,39011,0,0,122463.62269856578,39404832578.86058,0.6323862006311489,1.1108977036693126,0.934399618902439,0.7227061670756214,2.185668468475342,172.28057551383972,success
300,10000,full,10000,39011,0,0,122772.45998544482,39703851097.31373,0.6295966104601917,1.0946024648454387,0.925154166666667,0.7035288649934052,2.5393052101135254,202.54300236701965,success
400,25,full,25,39011,0,0,191608.92487615673,108601101528.62337,-0.013156532734442283,1.0739887232600125,0.8538928171641795,0.8550868406381898,0.37750840187072754,10.915205240249634,success
400,50,full,50,39011,0,0,160372.36560401233,70082200539.24455,0.3461922733258218,1.0433481898654924,0.8446893999999997,0.7715137048356404,0.4060971736907959,11.257123470306396,success
400,75,full,75,39011,0,0,160729.77450670965,69940666626.29166,0.3475126651680158,0.9648485951762727,0.7955298491379313,0.6814369149582407,0.41712093353271484,11.821676254272461,success
400,100,full,100,39011,0,0,154767.76537466995,60685029830.62827,0.433859937453022,0.9701268255528817,0.7948269047619051,0.7325066947606292,0.4631955623626709,11.810397624969482,success
400,200,full,200,39011,0,0,147838.13664795668,57882541296.156906,0.4600047879807553,1.0090090230424547,0.8417704866888522,0.7292042329311325,0.3301422595977783,15.23238492012024,success
400,300,full,300,39011,0,0,149428.83442510606,60062491166.908104,0.4396676972745154,1.0072130535120238,0.8388992788461533,0.6883179772448299,0.35786867141723633,23.63067388534546,success
400,400,full,400,39011,0,0,139748.38591819454,51842209788.91747,0.516355978164847,1.100018469742383,0.9183885273972597,0.7451103043696512,0.38068175315856934,28.23827886581421,success
400,500,full,500,39011,0,0,138640.85769378347,51065092781.157646,0.5236058233508407,1.125772312145863,0.9426544660433073,0.7554335313653142,0.40625929832458496,33.39150786399841,success
400,600,full,600,39011,0,0,138011.6226222652,49921406455.16348,0.5342754506038814,1.1192617418312238,0.9325055722891573,0.7594859678473632,0.40873026847839355,42.75949192047119,success
400,700,full,700,39011,0,0,136333.85727242797,47956812114.68232,0.5526034561417166,1.1519941053229088,0.9539022115384619,0.7960587836163312,0.4662628173828125,50.05749583244324,success
400,800,full,800,39011,0,0,137077.03195232595,49530703386.86868,0.5379203801711745,1.162115521286106,0.96761858974359,0.78917151056171,0.4710719585418701,57.45970559120178,success
400,900,full,900,39011,0,0,136099.45730851556,48748368091.83704,0.545218907569086,1.1538389013395083,0.9559448416751791,0.7900687251365113,0.4701399803161621,65.66430330276489,success
400,1000,full,1000,39011,0,0,135464.77244278858,48182410692.394005,0.550498811993849,1.1546191837061797,0.9497297159090907,0.8026720116010223,0.4926788806915283,74.05836582183838,success
400,2000,full,2000,39011,0,0,130553.53299770417,45119318799.769646,0.5790748716994711,1.1173974602023846,0.9230267992424239,0.7622507762117993,0.8159489631652832,29.184040546417236,success
400,3000,full,3000,39011,0,0,127442.67156979762,42706073524.763336,0.601588411443069,1.126854984817622,0.9326596217105256,0.7606658522839168,0.9820938110351562,41.78152799606323,success
400,4000,full,4000,39011,0,0,126581.12718708345,42993179036.69712,0.598909959559014,1.1164161782110646,0.9350990000000005,0.7347566895419652,1.105372428894043,57.503637075424194,success
400,5000,full,5000,39011,0,0,124663.86031784305,41930682559.359116,0.6088221541120188,1.1225227316807513,0.9456129303892222,0.7227551492455071,1.3466808795928955,76.3509030342102,success
400,6000,full,6000,39011,0,0,123826.2081087706,41130819343.71882,0.6162842022018935,1.1377723226314802,0.9584734968354431,0.7265460034228343,1.5231373310089111,95.45443201065063,success
400,7000,full,7000,39011,0,0,122969.49708095152,40314236341.59528,0.6239022317750402,1.1354156054567786,0.9568823125000007,0.728500403493982,1.771054983139038,119.46249485015869,success
400,8000,full,8000,39011,0,0,123360.9888787377,40298542029.81914,0.6240486464456003,1.1332468667743156,0.9510130672609393,0.7347723447687144,2.2405295372009277,145.19218587875366,success
400,9000,full,9000,39011,0,0,122403.9229221806,39385280752.774925,0.6325686026514484,1.1502398386019788,0.9618604008838377,0.750677336315977,2.4551446437835693,173.04986572265625,success
400,10000,full,10000,39011,0,0,122582.40694992278,39462507068.90449,0.6318481463615546,1.144261628475253,0.956165890957447,0.7491427869943683,2.622751474380493,202.92546582221985,success
500,25,full,25,39011,0,0,164482.60081611597,71702080246.2194,0.3310801641090201,0.9580732710612069,0.7918154605263154,0.6824552477274962,0.41659998893737793,11.811654329299927,success
500,50,full,50,39011,0,0,169965.51913502763,74836117224.65504,0.3018422466860877,0.9369159286290402,0.7875339041095886,0.6585770502957577,0.4373297691345215,12.11797308921814,success
500,75,full,75,39011,0,0,166011.7687921756,70516119298.81474,0.34214417786687557,0.9107097586753423,0.7687778568301232,0.6124020399839027,0.43019962310791016,12.114043235778809,success
500,100,full,100,39011,0,0,160936.4941627041,67306020797.18528,0.3720916850456102,0.941526136547589,0.7860615301724141,0.630931355688787,0.46118903160095215,12.109106063842773,success
500,200,full,200,39011,0,0,149782.98616816412,59824653859.902336,0.44188651842760795,1.013531896299835,0.8456335526315789,0.6763615039751908,0.3343822956085205,15.649922132492065,success
500,300,full,300,39011,0,0,142526.37822104662,54372622416.50026,0.49274936600287433,1.0524675887851247,0.8855025,0.6816665360820341,0.3624000549316406,17.16858720779419,success
500,400,full,400,39011,0,0,141928.26474343776,54532644206.63144,0.4912564978848789,1.042219489801319,0.8747806338028161,0.6763774814784607,0.3731696605682373,18.294562816619873,success
500,500,full,500,39011,0,0,139150.76204928578,51999340351.35235,0.5148900827587937,1.030553686832076,0.8726420362903226,0.6602010424857799,0.39271116256713867,19.00413155555725,success
500,600,full,600,39011,0,0,136405.73981517233,50294359071.749084,0.5307961177557288,1.0399249925971497,0.8865270974099094,0.6554856652416831,0.41016387939453125,20.035642862319946,success
500,700,full,700,39011,0,0,136139.19669492258,49737703667.663086,0.5359892424219921,1.063164999549441,0.9002804347826079,0.6817621632207981,0.4333043098449707,21.708431720733643,success
500,800,full,800,39011,0,0,134671.79890888146,48829586024.31299,0.5444612128707362,1.0789248864262033,0.9083639705882357,0.6979786013756605,0.46677494049072266,24.35911750793457,success
500,900,full,900,39011,0,0,131456.8231940991,45792177547.79816,0.5727976680010083,1.12079746495293,0.9419604249502976,0.7323893676506493,0.48435330390930176,26.242789030075073,success
500,1000,full,1000,39011,0,0,132230.74041276018,46029863314.48002,0.570580260591119,1.1102727164909016,0.9341595905172417,0.7237043485739749,0.4948697090148926,27.43400502204895,success
500,2000,full,2000,39011,0,0,128522.03637555754,42830365174.30901,0.6004288753524673,1.1185438193906796,0.9325125961538465,0.7460432688265768,0.6796600818634033,47.7479248046875,success
500,3000,full,3000,39011,0,0,125407.2980357303,41728309594.4964,0.6107101229126434,1.1345252218550554,0.954610755813953,0.7267866661140131,0.9721546173095703,42.174514293670654,success
500,4000,full,4000,39011,0,0,124785.96677018981,41670994850.3229,0.6112448210571744,1.1046080822083986,0.9407636059371359,0.6949939467034626,1.2104153633117676,57.75697350502014,success
500,5000,full,5000,39011,0,0,124394.51572493176,41553506607.94353,0.6123408871063274,1.1288087178737667,0.9532408130787036,0.7225576834083076,1.437704086303711,76.54865789413452,success
500,6000,full,6000,39011,0,0,123599.82100821723,40680004453.35093,0.6204899242875925,1.1339685472777903,0.9553213942307687,0.7262334474739098,1.6683716773986816,95.91552209854126,success
500,7000,full,7000,39011,0,0,123575.96897009017,40587233135.310425,0.6213554023131387,1.1341597417104032,0.9528682154605271,0.7295111603852169,1.882930040359497,119.52561831474304,success
500,8000,full,8000,39011,0,0,122694.9482341519,39806601498.18468,0.6286380360220121,1.1468305394550118,0.9606648550724645,0.7432933057720652,2.2363791465759277,145.22410702705383,success
500,9000,full,9000,39011,0,0,122675.82112797513,39800008218.74065,0.6286995457493245,1.1397683962234428,0.9567153114886737,0.738780288165283,2.4399633407592773,173.08414578437805,success
500,10000,full,10000,39011,0,0,122934.17838718566,40065439086.02443,0.6262232999894503,1.1232784792248685,0.9439999999999995,0.7272725154127326,2.649614095687866,203.04805755615234,success
600,25,full,25,39011,0,0,176830.68567078837,95323579485.81886,0.11071153128005973,1.0698994857890192,0.8774632860429442,0.783212283706162,0.4598543643951416,11.61905550956726,success
600,50,full,50,39011,0,0,150993.10238458382,59542836158.17121,0.4445156395095322,1.0862637806113442,0.8930095643939391,0.7752647174507279,0.4273686408996582,12.004962682723999,success
600,75,full,75,39011,0,0,156075.92562254076,63117271376.19359,0.4111691785528636,0.9736336239429223,0.8166224232456141,0.6686654322179455,0.4303734302520752,11.990508079528809,success
600,100,full,100,39011,0,0,156699.69591128945,61661716633.47689,0.42474827467232,0.992405247150585,0.8296627038043471,0.7154539156313938,0.44782543182373047,12.03584361076355,success
600,200,full,200,39011,0,0,158780.24728301793,69642895727.8559,0.350290616098181,0.9701606726195454,0.8156483366935484,0.6508888838565997,0.34343409538269043,15.988831281661987,success
600,300,full,300,39011,0,0,142707.80863931007,52918920566.04028,0.5063111762028703,1.0679076933610137,0.8960498387096782,0.7258482499831296,0.37372875213623047,17.436981201171875,success
600,400,full,400,39011,0,0,138714.10597111232,48592060893.08594,0.5466771216875346,1.1124480402414103,0.9266041385135132,0.7825250019563758,0.39713048934936523,18.843810319900513,success
600,500,full,500,39011,0,0,136155.66988437556,46868408256.894196,0.5627573446681673,1.143034408781526,0.9490732031249995,0.8194916442275421,0.40740537643432617,19.655847549438477,success
600,600,full,600,39011,0,0,135969.21968563355,47594991344.137,0.5559789382703244,1.1069050666923406,0.9163160316780824,0.7938701311286225,0.4344356060028076,21.343750476837158,success
600,700,full,700,39011,0,0,135117.54785849663,47128365557.69171,0.5603321626596258,1.0679205474047078,0.8908914930555557,0.7359581178586244,0.47742438316345215,23.189614295959473,success
600,800,full,800,39011,0,0,134128.90042752365,46410732879.21726,0.5670270693048266,1.0854560526179449,0.905521930803572,0.7473492219357865,0.4748845100402832,25.10091781616211,success
600,900,full,900,39011,0,0,133285.4944322595,46422913652.79973,0.5669134329774309,1.1122176666934886,0.9231971224340169,0.7735263765776476,0.4954988956451416,26.692144632339478,success
600,1000,full,1000,39011,0,0,134071.75509311477,47030094814.13147,0.5612489456794416,1.108764459576066,0.9207526417525767,0.7703596154738576,0.5208954811096191,28.34307599067688,success
600,2000,full,2000,39011,0,0,128114.34461393901,42559863782.69866,0.602952424820808,1.1434150311804185,0.9519518229166668,0.7743962185194057,0.668328046798706,47.49106454849243,success
600,3000,full,3000,39011,0,0,126972.45017951667,42515728374.95606,0.603364170890138,1.0866608053400317,0.9104768415178568,0.7165748442767716,0.971235990524292,42.18031096458435,success
600,4000,full,4000,39011,0,0,125381.48896785521,41347906769.31329,0.61425895991319,1.1065232089665622,0.9325089166666662,0.7086860532480397,1.2008097171783447,57.7762508392334,success
600,5000,full,5000,39011,0,0,124514.12494032132,41138032925.80115,0.6162169055749877,1.1117404240505557,0.9397620535714283,0.705528951936806,1.4683992862701416,76.53084349632263,success
600,6000,full,6000,39011,0,0,124708.7352551604,41251092632.18555,0.615162154025509,1.095112148500883,0.9256547911547908,0.6937624999718239,1.6874492168426514,95.65743255615234,success
600,7000,full,7000,39011,0,0,123673.49211740759,40330238786.41796,0.623752942483462,1.1032320916640144,0.932828155339805,0.7022776595566259,1.9285809993743896,119.5574402809143,success
600,8000,full,8000,39011,0,0,122987.63715422412,39837872208.937675,0.6283463067076984,1.1109042988764817,0.9381843749999996,0.7115487036907621,2.23603892326355,145.96598172187805,success
600,9000,full,9000,39011,0,0,122559.62194497226,39314996389.36583,0.6332242963869141,1.1202229936544668,0.9433546954314723,0.7223991057779323,2.410667896270752,172.67011380195618,success
600,10000,full,10000,39011,0,0,122535.19081116543,39407568621.36336,0.6323606756659643,1.1125994267374855,0.9377089814814815,0.7152911905811211,2.6723406314849854,202.9011778831482,success
700,25,full,25,39011,0,0,184790.13868243893,91781659967.49716,0.14375464822728,1.1587404000199342,0.8773230229591843,1.0605772029558058,0.4468374252319336,12.111908674240112,success
700,50,full,50,39011,0,0,148437.8181891005,60151640938.73924,0.43883600521567656,1.093210671943561,0.9007605718085109,0.7615692657448982,0.46248292922973633,12.344969511032104,success
700,75,full,75,39011,0,0,140618.5263313152,50661884252.9798,0.5273674182944239,1.1146553877326237,0.9125603298611104,0.7957408803984543,0.4718289375305176,12.443872451782227,success
700,100,full,100,39011,0,0,144173.64047420118,55321127120.310844,0.4839006183983967,1.0290250469358593,0.8645931250000006,0.681246219504462,0.5368294715881348,12.409888982772827,success
700,200,full,200,39011,0,0,143419.17372483882,54061126827.072105,0.49565535670559224,1.1061411610324792,0.9090224802371543,0.7844898284017512,0.3502340316772461,16.204793453216553,success
700,300,full,300,39011,0,0,147541.80558968944,58725588435.79707,0.4521398703610716,1.0429490190569974,0.8591978333333329,0.7292167701747748,0.3864774703979492,17.675286531448364,success
700,400,full,400,39011,0,0,142731.4572576485,54693962616.58344,0.48975153339931954,1.0630489046069707,0.8824776988636369,0.730477887279599,0.3951084613800049,18.62008261680603,success
700,500,full,500,39011,0,0,135904.0751588895,49345288591.04294,0.5396501435806824,1.1257601355373947,0.9364488970588234,0.763995645161637,0.415433406829834,19.654481887817383,success
700,600,full,600,39011,0,0,134050.40133431918,47511884276.66921,0.5567542570022362,1.1337127732427776,0.9417085937499994,0.7764520944123292,0.4366176128387451,20.937296152114868,success
700,700,full,700,39011,0,0,139938.64231502812,52606099381.030914,0.5092295335925182,1.048965862681833,0.8743419034090915,0.7110891267421157,0.4520432949066162,22.94998860359192,success
700,800,full,800,39011,0,0,137379.524004848,49860187094.994576,0.5348465755170906,1.0511185276830581,0.8751778468586389,0.716101135988695,0.478985071182251,24.764890670776367,success
700,900,full,900,39011,0,0,137282.8748626189,49157033209.84437,0.5414064072520364,1.036005498043443,0.8635657692307696,0.6997403789096744,0.4831883907318115,26.82602071762085,success
700,1000,full,1000,39011,0,0,136114.97300360797,48435234935.49099,0.5481401753877567,1.052306791401669,0.8734180027173921,0.7147022276524846,0.4991025924682617,27.675523042678833,success
700,2000,full,2000,39011,0,0,130613.78715618672,45801820860.17724,0.5727077040430324,1.0678846924758059,0.9028394531250006,0.6846463024249707,0.6950864791870117,46.753711223602295,success
700,3000,full,3000,39011,0,0,128210.17568161864,43667052015.250916,0.5926232939465567,1.0589929830820672,0.8946440909090907,0.6717347003114071,0.9840340614318848,42.316972494125366,success
700,4000,full,4000,39011,0,0,127255.50866001737,43163783089.766464,0.5973183678675373,1.059587777694207,0.8978324561403509,0.6702027379651418,1.2418487071990967,57.79900026321411,success
700,5000,full,5000,39011,0,0,125948.55132026064,42341383116.62262,0.6049906648662167,1.080238482923681,0.9118498991935484,0.687892821312943,1.5427181720733643,76.53290319442749,success
700,6000,full,6000,39011,0,0,128760.04370161619,44087111120.03849,0.5887044973583109,1.0409945186906882,0.8832924657534241,0.6581473022329539,1.7012355327606201,95.6044065952301,success
700,7000,full,7000,39011,0,0,128459.33074385267,43842222039.16472,0.5909891056043626,1.028388354645766,0.8770572222222216,0.6419848116050172,2.11857533454895,119.56782054901123,success
700,8000,full,8000,39011,0,0,128011.04566220104,43313419481.299835,0.5959223867450356,1.0259803703820676,0.8764948654390939,0.6436303183526129,2.2728030681610107,145.36957263946533,success
700,9000,full,9000,39011,0,0,125861.53620513284,41460928951.943726,0.6132045584286365,1.0499479508881182,0.8912748435054778,0.6705129453972497,2.4320571422576904,172.67121148109436,success
700,10000,full,10000,39011,0,0,125460.85473688511,41187997108.4463,0.6157507819598756,1.0540984470918229,0.8922517543859649,0.6756591328017345,2.707648277282715,203.5349521636963,success
800,25,full,25,39011,0,0,175229.23782254526,89902053343.36008,0.16128979016793066,0.9676472207575856,0.8031863281249995,0.69813694662696,0.40535950660705566,11.828975439071655,success
800,50,full,50,39011,0,0,163681.03405129322,75568816894.34901,0.29500677774116946,0.9911600122760432,0.8178258643617023,0.7009960174543785,0.42464470863342285,11.994281530380249,success
800,75,full,75,39011,0,0,156952.9289693532,66258643541.32732,0.3818628300346901,0.9937783933190931,0.8215023364485978,0.694110242949676,0.4381575584411621,12.173187017440796,success
800,100,full,100,39011,0,0,159692.6914299813,68197429509.02857,0.3637755948123782,0.9721771646112631,0.8010044049202122,0.6770232443392576,0.4700486660003662,12.159225940704346,success
800,200,full,200,39011,0,0,152852.97594088045,62002432950.12368,0.42156967926986977,0.9563995149648469,0.8041471485690236,0.6304961306644001,0.33817052841186523,15.57990837097168,success
800,300,full,300,39011,0,0,152031.00956741368,61051449408.18603,0.43044155233998904,0.9417401116265421,0.7929275497512439,0.6137583887160154,0.37637782096862793,17.754424810409546,success
800,400,full,400,39011,0,0,150687.17049017423,59675837928.618195,0.44327484534909634,0.9537263326945632,0.800573301630434,0.6331183666698227,0.3931541442871094,18.75060772895813,success
800,500,full,500,39011,0,0,140680.3430046173,52321806670.76899,0.511881744413186,1.029581361111092,0.8668661221590915,0.6720652909684764,0.40824413299560547,19.7928626537323,success
800,600,full,600,39011,0,0,136909.60858956448,49902259177.65368,0.5344540785277245,1.0573953410071457,0.8885009027777772,0.6878153900948876,0.4385251998901367,20.98836088180542,success
800,700,full,700,39011,0,0,133430.02373389076,47145524954.81988,0.5601720799804129,1.1208341372539845,0.9393217708333337,0.732435699624651,0.45520520210266113,22.94931149482727,success
800,800,full,800,39011,0,0,132148.4807352013,45459582450.43472,0.5759004992882251,1.1238706760415518,0.9429312499999997,0.7454442869064286,0.4696316719055176,25.16285753250122,success
800,900,full,900,39011,0,0,130079.26334219034,44190747977.18996,0.5877376530318985,1.1304652926545384,0.9520769003777142,0.7378624725512504,0.5359318256378174,26.59205985069275,success
800,1000,full,1000,39011,0,0,129506.38147713945,43718504922.05132,0.5921432817927272,1.1460009136356675,0.9619846089850251,0.7595777018946122,0.5053365230560303,27.880674123764038,success
800,2000,full,2000,39011,0,0,129308.85946832303,44821635668.80145,0.5818520038333084,1.0902309014668097,0.9278606250000003,0.6846761104577666,0.675767183303833,47.50441360473633,success
800,3000,full,3000,39011,0,0,128854.14811026858,45429356481.60973,0.5761824820429322,1.0801215373379645,0.9132775186567169,0.6778492089015323,0.9761195182800293,42.34066915512085,success
800,4000,full,4000,39011,0,0,126540.33033231011,43395648824.37674,0.595155256440203,1.0904260136370967,0.920847023809524,0.6896824167609994,1.2223310470581055,57.79089045524597,success
800,5000,full,5000,39011,0,0,127514.12161253397,44057488016.66784,0.5889808558876204,1.077429672505105,0.9085574659231722,0.6813250417963396,1.4465913772583008,76.64205193519592,success
800,6000,full,6000,39011,0,0,126993.02823822928,43584452945.378555,0.5933938734900516,1.089296734569079,0.9153368644067795,0.6945561213951813,1.6913180351257324,96.27296614646912,success
800,7000,full,7000,39011,0,0,126445.13056854157,43259453433.49734,0.5964258443813522,1.0983929647884358,0.9226380357142854,0.7014015232213964,1.9407544136047363,119.63248896598816,success
800,8000,full,8000,39011,0,0,124084.58228668677,41264603319.20264,0.6150361107292587,1.1188835381397402,0.9376585805084744,0.719419887499383,2.250440835952759,145.9823386669159,success
800,9000,full,9000,39011,0,0,123236.63335781895,40308356335.72556,0.6239570872624668,1.128108696451679,0.9432080026455026,0.7320423524828495,2.432863235473633,172.68962836265564,success
800,10000,full,10000,39011,0,0,123231.64843990316,40464526169.36721,0.6225001546444455,1.1189929101691094,0.9364875339213021,0.7276803486031594,2.6707799434661865,203.6349573135376,success
900,25,full,25,39011,0,0,151869.8532639432,58473466072.278496,0.45449195902363426,1.1101060866643941,0.9198227825464953,0.7593844999601095,0.43959951400756836,11.871117353439331,success
900,50,full,50,39011,0,0,165011.25093262957,69462891035.179,0.3519699078156815,1.0566025707523785,0.8628628771551727,0.8195936731378738,0.4346902370452881,12.014216423034668,success
900,75,full,75,39011,0,0,166112.73923620902,74481598936.22581,0.3051496028255761,1.1094123730827639,0.8810209459459457,0.952105602722019,0.4314563274383545,12.150873184204102,success
900,100,full,100,39011,0,0,149159.79286391177,56280998752.598946,0.4749458269538288,1.0200889463369491,0.8517313481675394,0.7081491576035231,0.46424126625061035,12.121373414993286,success
900,200,full,200,39011,0,0,145157.9571126573,53661425768.32455,0.4993842299224466,1.0019532144762475,0.8401339798850574,0.6737253574795119,0.34290480613708496,15.833369493484497,success
900,300,full,300,39011,0,0,140560.16270010383,50728479164.4453,0.5267461440287999,1.0249101378428134,0.8624848328754573,0.6793480670238404,0.37621235847473145,16.873385906219482,success
900,400,full,400,39011,0,0,143495.01423256422,52467936100.86654,0.5105184802782539,0.9860564243353614,0.8269766047297294,0.6636337771093875,0.3833193778991699,18.04137110710144,success
900,500,full,500,39011,0,0,138772.28991121895,49090795270.077034,0.5420243512732805,1.0686163794377554,0.8879698717948721,0.7518698293707045,0.39960694313049316,19.29405450820923,success
900,600,full,600,39011,0,0,134812.1846222059,47245638555.283775,0.5592381046625028,1.0895743484045448,0.9067134374999998,0.7531738830360372,0.4117157459259033,20.44566512107849,success
900,700,full,700,39011,0,0,134366.27640801633,46991404243.22986,0.561609896020759,1.118214938278551,0.9291994410569109,0.7631063496508611,0.43389439582824707,22.54885482788086,success
900,800,full,800,39011,0,0,132735.57906463882,45976621795.40531,0.5710769589864757,1.146075869716542,0.958336011904762,0.7665430932047547,0.45264124870300293,24.496281147003174,success
900,900,full,900,39011,0,0,132022.92642099343,45296908107.35796,0.5774181134843672,1.1601366924430898,0.9696009891055049,0.7776658216220728,0.4622931480407715,25.86855173110962,success
900,1000,full,1000,39011,0,0,131231.118811441,44084423322.448555,0.5887295722392152,1.197725279211226,0.9985321078431378,0.8020986526060855,0.5532529354095459,26.99700093269348,success
900,2000,full,2000,39011,0,0,126763.55754646927,41474047357.28501,0.6130821747890278,1.1514148332419327,0.9681392723880602,0.7606026147187697,0.6868784427642822,47.4955792427063,success
900,3000,full,3000,39011,0,0,123993.97461072679,39415532309.49845,0.6322863811832642,1.1690462584355912,0.9777036337209298,0.778759431705383,0.9918100833892822,41.962424755096436,success
900,4000,full,4000,39011,0,0,124111.18327022347,40087700639.14086,0.6260156185050891,1.1133946781422168,0.939147307692308,0.7224025267457225,1.2271692752838135,57.607993841171265,success
900,5000,full,5000,39011,0,0,123561.53256433281,39374403211.41628,0.6326700809231462,1.1168163825066078,0.938827083333333,0.7320169908748353,1.449521780014038,76.62669348716736,success
900,6000,full,6000,39011,0,0,123413.53808561208,39499609470.159004,0.6315020123013837,1.1178690598958152,0.9410624285714291,0.7275018201093667,1.7042386531829834,95.20562720298767,success
900,7000,full,7000,39011,0,0,124249.13388150938,40270884084.17401,0.6243066717134653,1.088652188154707,0.9189285807291661,0.7018500020193881,1.9472768306732178,119.38655996322632,success
900,8000,full,8000,39011,0,0,123651.32062891716,39777045088.206894,0.6289137723583077,1.0997981194122117,0.9274409787735853,0.7137766281440161,2.2781083583831787,144.9805989265442,success
900,9000,full,9000,39011,0,0,122993.81269325479,39198982781.179726,0.6343066053447922,1.1053243247877822,0.9292487499999994,0.7245097354236532,2.4288694858551025,172.45694756507874,success
900,10000,full,10000,39011,0,0,122382.8724896904,38939620893.52629,0.6367262326516954,1.1033219911826078,0.930157916666667,0.7138360664177362,2.687180995941162,202.60774874687195,success
1000,25,full,25,39011,0,0,188742.307794296,99954887163.83163,0.06750534310115686,0.8942075930138168,0.7699611702127653,0.6277494040657388,0.38832616806030273,11.738515853881836,success
1000,50,full,50,39011,0,0,171175.30655215838,70485650764.83846,0.34242842354952907,0.8415674077708017,0.7094043042452833,0.5854198080794376,0.42583131790161133,12.107204914093018,success
1000,75,full,75,39011,0,0,155592.6994408428,59891324149.39329,0.4412645409486847,0.9804352264253849,0.8109910981075703,0.6944729460673743,0.4427196979522705,12.189991235733032,success
1000,100,full,100,39011,0,0,153501.68406006478,56018559524.05902,0.47739416325151296,0.9715407536152304,0.8121086397058822,0.6895614668832993,0.453794002532959,12.121031999588013,success
1000,200,full,200,39011,0,0,138543.12987903252,50126354059.57217,0.5323634625913086,1.106208491928421,0.9374550164473678,0.7335222178292531,0.33475518226623535,15.484889030456543,success
1000,300,full,300,39011,0,0,137342.01152559536,48617678530.99129,0.5464381307672612,1.1493899705858348,0.9650754734848481,0.7695222617579638,0.35294175148010254,16.788235187530518,success
1000,400,full,400,39011,0,0,138440.8842253627,50580284020.62937,0.5281286795276416,1.1381606968235516,0.962419863013698,0.7407963380309566,0.39298534393310547,18.645180225372314,success
1000,500,full,500,39011,0,0,136779.06572705455,48394493984.370415,0.5485202540443875,1.1573357401657494,0.9719050551470586,0.7679863079223959,0.41252732276916504,19.577525854110718,success
1000,600,full,600,39011,0,0,136196.20650685864,46607851146.85063,0.5651881223902651,1.2264307617476429,1.0242564792663469,0.8194283329881821,0.4315645694732666,21.378464698791504,success
1000,700,full,700,39011,0,0,134544.83659016047,45309845933.55526,0.5772974144956214,1.2344998977162127,1.0303790674603177,0.8225424424620843,0.45963144302368164,22.513453245162964,success
1000,800,full,800,39011,0,0,133190.62502122798,45378068333.91886,0.5766609571334557,1.2056443527484286,1.0138371153846157,0.7945033371511137,0.4766108989715576,24.7809739112854,success
1000,900,full,900,39011,0,0,133739.22262611028,45103508886.27573,0.5792223648363994,1.2117484619698848,1.020484722222223,0.800793792444849,0.4868650436401367,26.34549045562744,success
1000,1000,full,1000,39011,0,0,133352.7016684797,44854098480.278885,0.5815491532263041,1.210185330537651,1.0190825272817454,0.8045307747526174,0.5142812728881836,27.422849655151367,success
1000,2000,full,2000,39011,0,0,128800.41125139383,42793194515.845055,0.6007756461947398,1.169761644309561,0.9812884374999996,0.7667943090722115,0.6923267841339111,47.09133839607239,success
1000,3000,full,3000,39011,0,0,125561.4547305167,40937355371.27629,0.6180890576294163,1.1418752035999655,0.9517487281976739,0.7593020753260505,0.9713602066040039,42.25258660316467,success
1000,4000,full,4000,39011,0,0,125577.3853806859,41188499827.56052,0.6157460920152293,1.0843728620320872,0.9142650694444437,0.7043289025043604,1.2169709205627441,57.86431646347046,success
1000,5000,full,5000,39011,0,0,125342.59107927892,41021149816.0759,0.6173073262476845,1.0775690247062193,0.9125851562500001,0.6911621804026107,1.498857021331787,76.83099102973938,success
1000,6000,full,6000,39011,0,0,125136.2435659173,41077178164.973816,0.6167846290843477,1.0746486330451925,0.9096737560192619,0.6936190836868318,1.7954342365264893,95.53348565101624,success
1000,7000,full,7000,39011,0,0,124001.91142382116,40509048562.43723,0.6220847983289299,1.0915192438051928,0.9243580508474584,0.6990060487688342,1.9457838535308838,119.56096529960632,success
1000,8000,full,8000,39011,0,0,123081.56039302216,40141934850.93863,0.6255096591252376,1.1084026206442126,0.9402025892857141,0.7050870771608886,2.220503568649292,145.3501422405243,success
1000,9000,full,9000,39011,0,0,123228.74374054754,40322545697.73563,0.6238247125018661,1.1012215044404419,0.9352925675675672,0.696492459351159,2.4276490211486816,172.68355131149292,success
1000,10000,full,10000,39011,0,0,122338.48775085072,39683910767.17146,0.6297826368951371,1.1106714449109971,0.9417705492424239,0.7006401900691944,2.633307933807373,203.57174730300903,success
1100,25,full,25,39011,0,0,177605.99851203826,91013828636.38298,0.15091786589456568,1.0047482103927354,0.8438747944078955,0.6892414155232879,0.4044773578643799,11.803708553314209,success
1100,50,full,50,39011,0,0,165540.10008234857,78127726239.26646,0.2711343152800496,1.112273445702322,0.907157916666666,0.810366333720014,0.444350004196167,12.08653473854065,success
1100,75,full,75,39011,0,0,159663.95007598016,70368566923.87857,0.34352071687507035,1.0871211861234658,0.8921148816079303,0.7761898813137701,0.43239474296569824,12.212991952896118,success
1100,100,full,100,39011,0,0,158748.29061995336,71112518053.05873,0.3365802813182046,1.0649959249229486,0.8725704044117653,0.7631583377446964,0.4542369842529297,12.139550924301147,success
1100,200,full,200,39011,0,0,150595.78663529997,62501571459.16467,0.4169131386449948,1.0427467039701546,0.8677159090909088,0.6914611627350795,0.3330044746398926,15.676454067230225,success
1100,300,full,300,39011,0,0,143907.27980829927,54794907357.140015,0.48880980424647935,1.0505083137648792,0.8745538571428576,0.7133603095042206,0.37062883377075195,17.326594591140747,success
1100,400,full,400,39011,0,0,138801.54775616172,51164315587.71794,0.5226801583875226,1.0645901182002064,0.8916076525590553,0.7133069518441385,0.46023035049438477,18.48788356781006,success
1100,500,full,500,39011,0,0,140580.1321638448,52926030246.99217,0.5062448488857374,1.050990216998112,0.8833376582278482,0.6954549660093712,0.49756479263305664,20.32737159729004,success
1100,600,full,600,39011,0,0,139235.591740751,51503525151.04912,0.5195156197206252,1.0727287349911863,0.9035922991071434,0.7103607219019615,0.43294429779052734,21.119412899017334,success
1100,700,full,700,39011,0,0,137346.86590641103,50118374063.85234,0.5324379092099978,1.076151349380481,0.9060936789772733,0.7119089237295119,0.45038890838623047,22.651018857955933,success
1100,800,full,800,39011,0,0,137635.00916007665,51380256256.11391,0.5206656143747186,1.0779243466623984,0.9121529713114754,0.7026867829928789,0.45798754692077637,24.410850524902344,success
1100,900,full,900,39011,0,0,136422.35341614386,50347788091.285675,0.5302976701394602,1.089483865634849,0.9197032031249996,0.71299917170968,0.48523974418640137,26.530330896377563,success
1100,1000,full,1000,39011,0,0,133492.48905136532,47993489911.44368,0.5522612832827674,1.0891217205349908,0.9205392857142863,0.7083780446104518,0.5010693073272705,27.048795461654663,success
1100,2000,full,2000,39011,0,0,126883.59458369915,42676746929.171295,0.6018620038052892,1.1178662879106331,0.9418998893805317,0.7264591132295972,0.6748433113098145,46.78135347366333,success
1100,3000,full,3000,39011,0,0,127287.84902695709,42772969242.5909,0.6009643309082036,1.121427767776619,0.9390418585526309,0.7377130903053323,0.8675837516784668,71.16229367256165,success
1100,4000,full,4000,39011,0,0,127548.81801447028,43294111403.095795,0.5961025148035142,1.0766576222155482,0.9100435810810807,0.695827832652764,1.2166416645050049,58.26636505126953,success
1100,5000,full,5000,39011,0,0,126609.0272961873,42753258172.18116,0.6011482185435196,1.0833841252778518,0.9147856570512815,0.7005111054846717,1.5059094429016113,76.57291150093079,success
1100,6000,full,6000,39011,0,0,125917.71449478994,42013409172.312004,0.608050384699329,1.089082280270699,0.9198334821428578,0.704557328202502,1.6860694885253906,95.41084885597229,success
1100,7000,full,7000,39011,0,0,126218.60815699417,42262695696.58723,0.6057247520212338,1.0753254126249547,0.9102232692307686,0.6938247615760851,1.9401209354400635,120.62859606742859,success
1100,8000,full,8000,39011,0,0,126346.79850514919,42438418703.65825,0.6040854048133344,1.0656992772994607,0.9038489583333337,0.676700112616122,2.287386894226074,145.04053688049316,success
1100,9000,full,9000,39011,0,0,125892.51881660782,41973795179.653305,0.6084199497855476,1.0666039096720876,0.9051620535714291,0.6755804411063108,2.4303314685821533,173.120831489563,success
1100,10000,full,10000,39011,0,0,124954.54393352196,41364310498.99781,0.6141059269728502,1.0728120198643383,0.9108658244680853,0.6779047553215503,2.6540069580078125,202.63634872436523,success
1200,25,full,25,39011,0,0,176101.47120043065,71444459518.18684,0.33348354786756507,0.818126786589368,0.6722973684210523,0.5719711109585881,0.4093477725982666,11.893645286560059,success
1200,50,full,50,39011,0,0,167340.7361315158,69792728244.95303,0.34889280528985334,0.8688478542332744,0.7354925196850389,0.5792149138825996,0.4555983543395996,12.203028917312622,success
1200,75,full,75,39011,0,0,159161.4789194073,65243131257.24597,0.39133670175612867,0.9329981554412587,0.7833618125000006,0.6345610759531759,0.5040979385375977,12.612416744232178,success
1200,100,full,100,39011,0,0,153288.8413810768,62096643044.48881,0.42069077867667093,0.9723422410184239,0.819400600961538,0.664940325947038,0.5495479106903076,12.597865343093872,success
1200,200,full,200,39011,0,0,152574.12862517938,62383067479.876434,0.4180186806614288,1.011789007399426,0.8405885080645161,0.7158090750608234,0.3442826271057129,17.21724247932434,success
1200,300,full,300,39011,0,0,151341.06692363208,59596701816.52807,0.44401311842193614,0.9781982100412536,0.8140421093749997,0.6876393007472396,0.3879246711730957,17.577674865722656,success
1200,400,full,400,39011,0,0,143215.1097563027,52947295985.16881,0.5060464575135154,1.0154584750520141,0.8475790540540538,0.7002800696681449,0.39271020889282227,18.52924871444702,success
1200,500,full,500,39011,0,0,136525.36649018066,47956164731.50547,0.5526094956798573,1.0760041230828365,0.899775145348837,0.7353317631251461,0.41004037857055664,19.608785390853882,success
1200,600,full,600,39011,0,0,137975.06236722492,49659671576.362946,0.5367172159135208,1.052092888075651,0.8803753623188404,0.7030453190696766,0.4287118911743164,21.12118411064148,success
1200,700,full,700,39011,0,0,137570.61990528312,48643166613.00703,0.546200348493991,1.0414676504530682,0.8687603174603176,0.7096415232077847,0.4500396251678467,23.104166984558105,success
1200,800,full,800,39011,0,0,135916.49908719657,47887566848.79149,0.5532494559751504,1.056099940326218,0.8825875710227279,0.70912573741705,0.4668090343475342,24.68688130378723,success
1200,900,full,900,39011,0,0,135136.38431468047,47629075343.685745,0.5556609633481693,1.0595789093329406,0.8859460106382981,0.7067496488837066,0.48337435722351074,26.445600748062134,success
1200,1000,full,1000,39011,0,0,134252.35850805702,47099843791.51346,0.5605982466433228,1.0677768421050153,0.8941423393416925,0.7096077390534613,0.761326789855957,27.802546739578247,success
1200,2000,full,2000,39011,0,0,131050.52200100613,45776655355.6365,0.5729424769409692,1.0625706263179768,0.8921773999999997,0.6978733317677527,0.7118289470672607,29.17751169204712,success
1200,3000,full,3000,39011,0,0,126431.52005984691,42384801052.04907,0.6045856122074869,1.106821621699046,0.9295758627946128,0.722981941057672,0.9793851375579834,42.18664073944092,success
1200,4000,full,4000,39011,0,0,125546.53923773102,42085497305.307144,0.6073778633174219,1.0953192270616825,0.9237179263565894,0.7085524876547838,1.4178855419158936,58.80561304092407,success
1200,5000,full,5000,39011,0,0,125448.63824906758,41914794765.08349,0.6089703738108481,1.0842885713270167,0.9154611322714687,0.6989261695433263,1.4558262825012207,76.60809421539307,success
1200,6000,full,6000,39011,0,0,124197.83162421336,41403384440.70015,0.6137414001058277,1.1089524347535173,0.9357212890624994,0.7132262776822016,1.9469184875488281,95.3622817993164,success
1200,7000,full,7000,39011,0,0,124139.84523796172,41275852770.58756,0.6149311628511995,1.0968436566510784,0.928252260638298,0.6993953703149409,1.953923225402832,119.8287923336029,success
1200,8000,full,8000,39011,0,0,123176.67123575723,40346385951.816925,0.6236023030711648,1.101658087842042,0.9340452500000006,0.702506749957886,2.2298083305358887,145.28159546852112,success
1200,9000,full,9000,39011,0,0,123579.36303162089,40596090386.507576,0.6212727716419378,1.0945064795319126,0.929465410305344,0.6954922159726497,2.3899199962615967,172.93891191482544,success
1200,10000,full,10000,39011,0,0,123382.02895877925,40678603328.90746,0.6205029955950019,1.0895353837345405,0.924938963210703,0.6907951338063015,2.6750292778015137,202.55252814292908,success
1300,25,full,25,39011,0,0,178200.23057278717,90199390571.46692,0.15851588501557645,1.0142452989426198,0.831849537037037,0.722968616233559,0.3892078399658203,11.516875982284546,success
1300,50,full,50,39011,0,0,164508.6792893751,72806481687.97725,0.3207770316386428,0.9151831662446105,0.7685356034482753,0.5954932626053863,0.41362905502319336,11.886186599731445,success
1300,75,full,75,39011,0,0,164586.89681395952,72241798859.74754,0.3260450453907233,0.9148421659291978,0.7786665954415952,0.5815225191310245,0.4206812381744385,11.908750295639038,success
1300,100,full,100,39011,0,0,161067.88022328637,68147965542.44616,0.36423705183419974,0.9434059463167159,0.7986784134615388,0.6071768883309753,0.4607210159301758,12.123221158981323,success
1300,200,full,200,39011,0,0,151689.1453832733,61791868621.67574,0.42353406657280745,0.9830085749045386,0.8330246951219511,0.625630826223278,0.33356571197509766,16.20075225830078,success
1300,300,full,300,39011,0,0,145467.7124657148,56588522539.42522,0.47207688981406926,0.9943335510255625,0.8494769773230088,0.6283363627325806,0.36033082008361816,17.391644716262817,success
1300,400,full,400,39011,0,0,142483.76845673335,54971986609.573326,0.4871578044150848,1.0221122122941744,0.8730095833333329,0.643760277119158,0.3764803409576416,18.2239248752594,success
1300,500,full,500,39011,0,0,141782.38292244496,53743820499.951324,0.4986155566821612,0.999448798112241,0.8520532703488369,0.634631321552023,0.39843153953552246,19.154235124588013,success
1300,600,full,600,39011,0,0,142407.997666123,54461151217.85925,0.4919234670739544,0.9921836424659626,0.8450122767857138,0.6254925958159082,0.41834211349487305,20.246595859527588,success
1300,700,full,700,39011,0,0,141323.7773390438,53670608853.935135,0.4992985594914282,1.0055790691447815,0.8521065406976741,0.6393739146624836,0.4238598346710205,21.56630563735962,success
1300,800,full,800,39011,0,0,137068.3076826488,51001054376.61072,0.5242032475666119,1.0596204350871274,0.8933290000000006,0.679698856216936,0.5309717655181885,23.526023864746094,success
1300,900,full,900,39011,0,0,135625.35377161248,49587595108.74193,0.5373896284673421,1.0664009816777804,0.8999611666666663,0.682016511707841,0.4615154266357422,25.19808340072632,success
1300,1000,full,1000,39011,0,0,136219.79279101567,49910045549.11876,0.5343814382597614,1.0487318454667862,0.8862392708333336,0.6713414668999154,0.5135660171508789,27.590059518814087,success
1300,2000,full,2000,39011,0,0,132775.187707073,47863754212.51866,0.5534716077550299,1.0597409963562834,0.9034196908602149,0.6640054352096362,0.7103943824768066,47.301172494888306,success
1300,3000,full,3000,39011,0,0,130839.36664218103,46516044704.45664,0.5660445989411411,1.0454103313087584,0.8869080071174373,0.6554366154779467,0.9708826541900635,42.15653443336487,success
1300,4000,full,4000,39011,0,0,129850.24218109155,45311886439.35973,0.5772783783002534,1.0483061393376187,0.8866791911764713,0.6660658804691979,1.1985270977020264,58.7329421043396,success
1300,5000,full,5000,39011,0,0,127702.6055854038,44040815523.86096,0.5891363961608449,1.0631128121180309,0.898903557692308,0.6737643795582916,1.4545292854309082,76.5525426864624,success
1300,6000,full,6000,39011,0,0,127107.75534845139,43796476937.17849,0.5914158687611408,1.058608788422228,0.9011129137630669,0.6605773927688813,1.7806689739227295,95.3338770866394,success
1300,7000,full,7000,39011,0,0,126249.54577675207,43205886894.75088,0.5969255749356748,1.0607115432306375,0.9037540972222216,0.6610122712746936,1.941199779510498,119.79802012443542,success
1300,8000,full,8000,39011,0,0,125531.22274246367,42782568480.63297,0.6008747781265587,1.0696406972761996,0.9120945165094344,0.6636868514435459,2.240151882171631,145.08516359329224,success
1300,9000,full,9000,39011,0,0,124918.13873190414,42117436314.46902,0.6070798993435217,1.0757062820398313,0.9165094992897725,0.6691189349009973,2.4123339653015137,173.69664454460144,success
1300,10000,full,10000,39011,0,0,124050.87241258875,41502480035.466675,0.6128169219210788,1.0877943077776857,0.9239143203883486,0.6803448366052983,2.6453254222869873,202.64529490470886,success
1400,25,full,25,39011,0,0,156791.79514632092,67307960100.167725,0.3720735929870772,1.0834898767396388,0.9067623873873876,0.7418423827602079,0.42504453659057617,11.791999340057373,success
1400,50,full,50,39011,0,0,165261.4694268924,64205391237.16765,0.401017939476772,1.0946104434679407,0.9007291087962971,0.73934192018097,0.4291670322418213,12.090155363082886,success
1400,75,full,75,39011,0,0,154034.32614438876,53855342467.148506,0.4975751509402411,1.28533071467106,1.0752131127450986,0.8609307152303471,0.4799356460571289,12.805463552474976,success
1400,100,full,100,39011,0,0,144214.9960505931,53576921145.32567,0.5001725866668302,1.086981739263316,0.9048659156976742,0.7626463211126063,0.5385580062866211,12.428466558456421,success
1400,200,full,200,39011,0,0,146920.7292792818,58270405787.23565,0.45638633994090205,1.0424876516975061,0.8733257936507938,0.7230706393999199,0.3529539108276367,16.012506246566772,success
1400,300,full,300,39011,0,0,138698.97147819685,50666202821.01834,0.5273271297028836,1.062420486225974,0.8888871366279067,0.7218559279961312,0.3752453327178955,17.285333395004272,success
1400,400,full,400,39011,0,0,140775.94049414748,53623747075.060005,0.4997357403002285,1.0891505713827412,0.907920707831326,0.7358232701377725,0.3931727409362793,18.73435068130493,success
1400,500,full,500,39011,0,0,143067.33854934346,54872089950.55574,0.4880897558525694,1.0217605782443548,0.8571560364464693,0.6821804139104894,0.41454434394836426,19.598676681518555,success
1400,600,full,600,39011,0,0,139524.30139596044,52178885122.524284,0.5132150817203999,1.043421113766374,0.8742579861111105,0.6968150269688761,0.44106149673461914,21.240986585617065,success
1400,700,full,700,39011,0,0,134778.10875898786,48622892279.12776,0.5463894909016416,1.0909946907583186,0.9136501388888884,0.727135637117972,0.450575590133667,22.849613666534424,success
1400,800,full,800,39011,0,0,132451.89696475834,46438095876.24926,0.5667717956583538,1.1055799470979049,0.9294507401315782,0.7342416945554786,0.4665670394897461,24.60588765144348,success
1400,900,full,900,39011,0,0,131201.21921401174,45368268005.764404,0.5767523859159713,1.1485552449847607,0.9662158970276004,0.7568673922012181,0.4899454116821289,26.18616032600403,success
1400,1000,full,1000,39011,0,0,130647.23794510683,45087648839.517586,0.5793703256743312,1.1551393982247005,0.9651841880341888,0.7703330860333754,0.5077862739562988,27.36861562728882,success
1400,2000,full,2000,39011,0,0,124818.01438897042,40590345306.29989,0.6213263683869208,1.1413913624816456,0.9593859374999991,0.742993175595954,0.7097585201263428,29.161705255508423,success
1400,3000,full,3000,39011,0,0,124808.17313165677,41396285786.03118,0.6138076245570556,1.133645823005953,0.9528791330645161,0.7299150976199288,0.9732387065887451,42.1956250667572,success
1400,4000,full,4000,39011,0,0,123273.52354143703,40100500998.31523,0.6258962019675371,1.143051094363685,0.9585541158536584,0.7396924550161365,1.2088756561279297,58.61859893798828,success
1400,5000,full,5000,39011,0,0,123326.35473928828,40346646301.42182,0.6235998742292903,1.115982167353208,0.9399885080645162,0.7127148417759653,1.650062084197998,76.54920959472656,success
1400,6000,full,6000,39011,0,0,123275.33774488285,40216639240.29262,0.6248127302816753,1.123581217857101,0.9427710000000005,0.7229486096983204,1.7552886009216309,95.38623023033142,success
1400,7000,full,7000,39011,0,0,122704.40193951706,39720652631.22614,0.6294398663424643,1.1269176214617926,0.9454191919191919,0.72670772540151,1.9515790939331055,119.81484007835388,success
1400,8000,full,8000,39011,0,0,122232.74131595095,39441767541.135994,0.6320416286352031,1.1325292003097385,0.9510984905660372,0.727040081117504,2.245501756668091,145.0255651473999,success
1400,9000,full,9000,39011,0,0,121871.84008957409,39161124622.3844,0.6346597899843667,1.1364913423024077,0.9547117334905665,0.7300847257948105,2.4275689125061035,173.00818610191345,success
1400,10000,full,10000,39011,0,0,121954.10015724732,39139400668.83351,0.6348624561189372,1.141481156136088,0.9568022321428578,0.738006757836861,2.66052508354187,202.634783744812,success
1500,25,full,25,39011,0,0,213358.9575951935,128105116194.88448,-0.19511251288131604,0.752226560366055,0.6394287605932202,0.5310644983897983,0.4206676483154297,12.180377960205078,success
1500,50,full,50,39011,0,0,186163.28709190196,92718984481.16852,0.13501020235195005,0.8184385628545358,0.6925926875000005,0.5804529079491022,0.4230811595916748,12.13983941078186,success
1500,75,full,75,39011,0,0,168834.48974928545,79042260095.2186,0.26260248698804545,0.8994302776623047,0.7611746710526317,0.5914937278756182,0.43853282928466797,12.46307635307312,success
1500,100,full,100,39011,0,0,160543.39513754935,67560127068.904274,0.36972108819551264,0.9292364307892018,0.7807234374999996,0.6308806828442234,0.4636509418487549,12.15604305267334,success
1500,200,full,200,39011,0,0,149936.68763698058,59863402839.23878,0.44152502318493614,0.9836434181596209,0.8285051624449347,0.6507913680998693,0.34052491188049316,15.794781923294067,success
1500,300,full,300,39011,0,0,143148.88292524865,54433456867.18287,0.49218183197000676,1.0282731998175085,0.8653827499999996,0.6888672735912442,0.35735154151916504,16.84456181526184,success
1500,400,full,400,39011,0,0,141704.54697292912,52711151092.33938,0.508249489872068,1.0101842777694008,0.848454795258621,0.6671043235832416,0.379988431930542,18.08355450630188,success
1500,500,full,500,39011,0,0,140319.47943228352,51745079361.32758,0.5172621229999805,1.0108193294800505,0.8494079293224296,0.6668585581035379,0.4108879566192627,19.46968722343445,success
1500,600,full,600,39011,0,0,138510.35789965492,51107967401.666954,0.5232058393613039,1.0374125800014988,0.8698604452054789,0.6873984511498241,0.42559289932250977,21.028950214385986,success
1500,700,full,700,39011,0,0,137779.71950459486,50006134088.75626,0.5334850133590527,1.051842302961263,0.8801253004807688,0.6980783888183374,0.4573347568511963,22.835126399993896,success
1500,800,full,800,39011,0,0,140310.56046331485,52055001472.93713,0.5143708115160607,1.062700140596009,0.8835404119318188,0.7065146366398835,0.4984705448150635,58.09869050979614,success
1500,900,full,900,39011,0,0,139583.25439219066,50993749972.791016,0.5242713914836026,1.0556117389559037,0.877200145348837,0.7077979934532486,0.5279407501220703,67.12175393104553,success
1500,1000,full,1000,39011,0,0,138112.27481311362,50256068272.69523,0.5311533385634275,1.063704186477792,0.8868539204545453,0.7035163924647946,0.5518033504486084,76.31512308120728,success
1500,2000,full,2000,39011,0,0,131134.16739269052,45512217610.76761,0.575409457707687,1.0587207315627538,0.8908022804054051,0.6892797810029532,0.7052664756774902,29.155887126922607,success
1500,3000,full,3000,39011,0,0,128671.92476541072,43669252682.323044,0.5926027635818631,1.0751595945572863,0.9005020276717562,0.6991635078155191,0.9751393795013428,42.16062021255493,success
1500,4000,full,4000,39011,0,0,128813.8646431455,43555448184.244225,0.5936644634086621,1.0663597105177482,0.8997581597222224,0.6862473921827652,1.2040441036224365,57.78431439399719,success
1500,5000,full,5000,39011,0,0,129675.47785079849,44394888178.75142,0.5858331974058089,1.047789267097864,0.8871372136118594,0.663539236399284,1.4591424465179443,76.53064441680908,success
1500,6000,full,6000,39011,0,0,129047.19604867056,44033391665.54816,0.589205654487343,1.049843983025987,0.8881118780339806,0.6706120861666415,1.675544023513794,95.67820692062378,success
1500,7000,full,7000,39011,0,0,129119.8275916969,44177111263.55312,0.5878648720500458,1.0474190854722958,0.8868538750000006,0.6663191742407131,1.9459774494171143,119.64025807380676,success
1500,8000,full,8000,39011,0,0,127324.12862217547,43111887360.01552,0.5978025111854053,1.0579337970979328,0.8951573863636361,0.6706523689074901,2.264277219772339,145.27518677711487,success
1500,9000,full,9000,39011,0,0,125457.9329003358,42003602021.73924,0.6081418771292441,1.0768309175310211,0.9121274193548393,0.6824561022753236,2.3955469131469727,172.6983289718628,success
1500,10000,full,10000,39011,0,0,125695.74539152418,42173232102.77497,0.6065593717740444,1.0695647347483452,0.9062289194915253,0.6780830268633183,2.617307424545288,202.84252643585205,success
1600,25,full,25,39011,0,0,189535.34770651627,107987302452.43445,-0.00743030588154725,0.9017053517252793,0.7847056249999999,0.6675414747105444,0.3758540153503418,11.707155466079712,success
1600,50,full,50,39011,0,0,182370.02609400233,102530471733.90944,0.04347731487626283,0.9349435098159727,0.7931968321917803,0.6391166224943343,0.4142284393310547,12.383420944213867,success
1600,75,full,75,39011,0,0,160907.840037906,74903077271.36241,0.3012175660171178,0.9882563646923878,0.8297997448979598,0.6608640381356075,0.4223477840423584,12.132366418838501,success
1600,100,full,100,39011,0,0,156222.58628776178,66815648750.110725,0.37666644198610966,0.990958994548373,0.8272932581018517,0.6633335668727715,0.4446830749511719,12.072117328643799,success
1600,200,full,200,39011,0,0,148123.02401125644,59694035514.44933,0.4431050772463303,1.1507584587531179,0.9560446428571434,0.7832708612977483,0.34532737731933594,15.31369948387146,success
1600,300,full,300,39011,0,0,144921.93184214068,52799878975.79682,0.507421733675351,1.249979866577883,1.0296504807692302,0.875092825995862,0.36086130142211914,16.777607679367065,success
1600,400,full,400,39011,0,0,141931.35571597595,52869418417.7646,0.5067729894276345,1.160061485083224,0.9610931962025318,0.8067345642823964,0.37784624099731445,18.096089601516724,success
1600,500,full,500,39011,0,0,139246.15281346926,51863461922.379585,0.5161577137131185,1.105693482586386,0.9196991536458328,0.7427152372435419,0.3873476982116699,18.96114420890808,success
1600,600,full,600,39011,0,0,136172.4397954263,49364035840.660286,0.5394752475791385,1.1348642205561716,0.9425816326530618,0.7644614361432875,0.41892480850219727,20.271939516067505,success
1600,700,full,700,39011,0,0,132794.66607655532,45694302508.26905,0.5737107594364983,1.1597021705612904,0.9623281249999994,0.7813751569501477,0.45166516304016113,22.226564645767212,success
1600,800,full,800,39011,0,0,132653.5895400496,45697864764.32214,0.5736775265968617,1.1494004653872256,0.955682072158365,0.7782209647330007,0.4598960876464844,23.697598218917847,success
1600,900,full,900,39011,0,0,132189.19998425923,44979885927.18094,0.5803756626099938,1.175261078781191,0.9736468749999998,0.799323754309147,0.488206148147583,26.618574619293213,success
1600,1000,full,1000,39011,0,0,131943.072271683,44749510280.813065,0.58252487277283,1.189611953034662,0.9856634901727224,0.8075991334863956,0.5072100162506104,27.65530037879944,success
1600,2000,full,2000,39011,0,0,126005.99893459537,40862455411.94312,0.6187878109756698,1.20155272599736,0.99388491847826,0.8158184379686291,0.6777310371398926,47.753695249557495,success
1600,3000,full,3000,39011,0,0,124169.7206951645,40211154266.555916,0.6248639004530179,1.1782620590336212,0.9767136652542371,0.7935973327063268,0.8665463924407959,71.83516001701355,success
1600,4000,full,4000,39011,0,0,123668.46541460262,40135507874.61406,0.6255696173849358,1.1781251179524441,0.9804159883720925,0.7826263317497637,1.0613324642181396,101.887042760849,success
1600,5000,full,5000,39011,0,0,122175.17338699341,39468843968.63349,0.6317890284403977,1.1635176054360874,0.9681036241319436,0.7651405168612313,1.2043781280517578,76.62195491790771,success
1600,6000,full,6000,39011,0,0,123762.39281488715,40795600434.21416,0.619411511439832,1.1141850759662748,0.934568229166667,0.7217224699315228,1.682391881942749,95.36789560317993,success
1600,7000,full,7000,39011,0,0,126447.69091590353,42624382359.826,0.6023505210005042,1.0599875991423038,0.8959839333038869,0.6750113250519842,1.9435889720916748,119.54170417785645,success
1600,8000,full,8000,39011,0,0,126513.03181614641,42219515101.77764,0.6061275904925099,1.050505287857711,0.8881438068181816,0.6702404737491993,2.19771671295166,145.3717176914215,success
1600,9000,full,9000,39011,0,0,126414.27292762778,42208563533.4697,0.6062297593731077,1.04643987621666,0.8864124110772355,0.664267145083697,2.380596399307251,172.89724731445312,success
1600,10000,full,10000,39011,0,0,124930.47275307766,41401735715.61655,0.6137567813180403,1.0625956566974126,0.8995359504132239,0.6723400541311628,2.680299997329712,202.80797028541565,success
1700,25,full,25,39011,0,0,201228.13127887808,113256466981.28535,-0.05658715962718697,0.8197105444596288,0.6848029320987652,0.5668646846426268,0.40053772926330566,11.703148603439331,success
1700,50,full,50,39011,0,0,159575.10113193234,62877372308.6426,0.4134072341900997,0.9092049007844623,0.77261626984127,0.6267919553619823,0.423753023147583,11.932413101196289,success
1700,75,full,75,39011,0,0,156142.49999429248,59699557171.860794,0.44305356484729197,0.964848445062948,0.813798026315789,0.6804067071345765,0.4208676815032959,12.141716241836548,success
1700,100,full,100,39011,0,0,159657.279797485,63699372591.159355,0.4057386659673188,0.9169144413000525,0.7738795764536973,0.6034164479166995,0.4426424503326416,12.168580770492554,success
1700,200,full,200,39011,0,0,153430.96495239323,59034467921.982956,0.4492582856915607,0.9226988607822333,0.7784515889830507,0.6044583228735351,0.3463280200958252,15.62392258644104,success
1700,300,full,300,39011,0,0,153710.6288935332,59668158960.9324,0.44334648363053186,0.9628489158193687,0.8049429309116815,0.6317013887281603,0.36786603927612305,16.7272367477417,success
1700,400,full,400,39011,0,0,149643.33238281347,56712232948.72996,0.47092277620389267,0.9428933092872599,0.7911779172960727,0.6165811506187835,0.3849928379058838,18.122780323028564,success
1700,500,full,500,39011,0,0,149435.65893514006,56835953623.287315,0.46976856682758117,0.9422204601633808,0.7871924715909094,0.6260575343455453,0.3997306823730469,19.22666907310486,success
1700,600,full,600,39011,0,0,145817.3829661025,54305936467.191216,0.49337148957467114,0.9668154273043056,0.8057571428571431,0.6514944330378661,0.4235866069793701,19.988619565963745,success
1700,700,full,700,39011,0,0,143280.70112015682,52972389830.943985,0.5058123531313251,0.9873545745324479,0.8236750000000002,0.6602474872938429,0.42903900146484375,21.56314992904663,success
1700,800,full,800,39011,0,0,142921.0459631979,52322059925.75931,0.5118793817580721,0.9781237422931068,0.8174652083333328,0.649320255600769,0.44898176193237305,23.398770570755005,success
1700,900,full,900,39011,0,0,139488.21917896555,50841137926.434494,0.5256951329518171,1.0093928218733055,0.845359709821429,0.665898660304463,0.47176265716552734,25.257249116897583,success
1700,1000,full,1000,39011,0,0,136294.74354288695,47304271243.760315,0.5586911112110033,1.0271291574420265,0.8566742294520543,0.6905839492498491,0.885350227355957,27.833948135375977,success
1700,2000,full,2000,39011,0,0,132591.6090053126,45995694415.850235,0.5708990275499788,1.0521668591542725,0.8858779605263151,0.707999417803705,0.852226972579956,46.7849497795105,success
1700,3000,full,3000,39011,0,0,130436.01970918459,45254930350.57668,0.5778097304929781,1.0772587732964918,0.9035480072463766,0.7398142219982722,0.8633222579956055,71.16431450843811,success
1700,4000,full,4000,39011,0,0,129007.54233521475,43670963578.91109,0.5925868023620355,1.0579989554247387,0.8924008522727269,0.6940928809266756,1.203749179840088,58.07292103767395,success
1700,5000,full,5000,39011,0,0,127869.02885243905,42770626677.07308,0.6009861850655218,1.06878043973621,0.897467037037037,0.7117113157899487,1.4381537437438965,76.93712878227234,success
1700,6000,full,6000,39011,0,0,126618.46440967772,41789519138.02893,0.6101390895803587,1.0751194487874327,0.9031125612745103,0.7140420521309223,2.3116981983184814,95.41915678977966,success
1700,7000,full,7000,39011,0,0,125353.29312625766,41189091802.08203,0.6157405693930345,1.073163355046514,0.9050568181818177,0.6938778207657645,1.9448597431182861,119.81193661689758,success
1700,8000,full,8000,39011,0,0,126232.84197766335,41778236698.666595,0.6102443452083793,1.0503905293231195,0.8889216032608688,0.6726795500957782,2.212613582611084,145.03025770187378,success
1700,9000,full,9000,39011,0,0,127054.42647546525,42013410281.79864,0.608050374348756,1.0314434279084155,0.8769284375000002,0.6583112687251756,2.381505012512207,172.94900941848755,success
1700,10000,full,10000,39011,0,0,124513.44619666568,40737620438.11232,0.6199524158228599,1.0799510454434824,0.9084872564935071,0.6987540124388405,2.609631299972534,202.62188124656677,success
1800,25,full,25,39011,0,0,181382.33975112787,93308986645.95062,0.1295059805792187,0.9446235767895331,0.8047860550708837,0.6486795438133003,0.3883779048919678,11.687227964401245,success
1800,50,full,50,39011,0,0,170258.96562077443,79360271397.28957,0.2596357101907433,0.916456818663533,0.7754544811320758,0.6314182029243968,0.4345724582672119,12.075604438781738,success
1800,75,full,75,39011,0,0,164318.05739547018,69108504037.19414,0.3552760391262363,1.052879654451416,0.8724298611111109,0.7625003557152629,0.4366910457611084,12.264158010482788,success
1800,100,full,100,39011,0,0,163604.19615430984,72785942412.10858,0.3209686457312354,1.0874031981532342,0.9079100694444452,0.7795435759571971,0.46543264389038086,12.464230060577393,success
1800,200,full,200,39011,0,0,143035.81442493782,52083366475.3111,0.514106190006226,1.0616680752317034,0.880727916666667,0.7570452787065539,0.359835147857666,15.950863361358643,success
1800,300,full,300,39011,0,0,142047.95063291444,53553183823.629974,0.5003940358253294,1.030115268355469,0.8643591155234659,0.6915249986915493,0.3628079891204834,17.57942271232605,success
1800,400,full,400,39011,0,0,139476.91818113,51601380704.33935,0.5186027100752824,1.0435234084405824,0.8787226165254236,0.6925278792032195,0.37514495849609375,18.854302406311035,success
1800,500,full,500,39011,0,0,141346.194255907,51950702944.13352,0.5153438286800175,0.993317110458411,0.8454427083333329,0.6525791230363075,0.3956618309020996,19.452141761779785,success
1800,600,full,600,39011,0,0,139488.31943564396,50841477956.5253,0.5256919607583219,1.0074318456527425,0.8582257641423365,0.669274172798202,0.4194817543029785,20.493354320526123,success
1800,700,full,700,39011,0,0,135536.00856429117,48787635984.54893,0.5448525713029914,1.0543898627244987,0.8935086167279418,0.6918359507339271,0.43724775314331055,21.77344012260437,success
1800,800,full,800,39011,0,0,133896.28585927686,47889103207.67529,0.5532351230446568,1.0671595611456468,0.9042913006756754,0.6922819170752395,0.4546818733215332,23.558756351470947,success
1800,900,full,900,39011,0,0,133005.8523747709,47311977386.76987,0.5586192194067544,1.0785827031050923,0.9112123697916661,0.7026990638718799,0.47864294052124023,25.017810106277466,success
1800,1000,full,1000,39011,0,0,131857.67742812124,46459801904.75011,0.5665692967493574,1.0935843080877476,0.9202266509433966,0.7161533453939222,0.48201513290405273,26.413458347320557,success
1800,2000,full,2000,39011,0,0,128900.90923854009,44975613102.540565,0.5804155244542724,1.1092713090469026,0.9383487500000003,0.7050027778621968,0.7032692432403564,47.997586250305176,success
1800,3000,full,3000,39011,0,0,127375.46362404193,43643671873.70426,0.5928414109160056,1.109177946736445,0.9390881756756754,0.7068594466023522,0.8758699893951416,73.06274271011353,success
1800,4000,full,4000,39011,0,0,126788.96937842852,43089764308.15843,0.5980089005700207,1.0752268765339288,0.9142293749999998,0.6777571896654263,1.4865131378173828,57.93345499038696,success
1800,5000,full,5000,39011,0,0,126272.05972073582,41938379772.89365,0.6087503456122283,1.057457415212465,0.900404166666666,0.6716243280170289,1.4766960144042969,76.57626676559448,success
1800,6000,full,6000,39011,0,0,124121.35959208621,40515494369.32875,0.6220246643959499,1.0942756865483494,0.9257943749999997,0.7023421291060808,1.7173402309417725,95.39080381393433,success
1800,7000,full,7000,39011,0,0,124789.2278874468,41011882803.6017,0.6173937796454402,1.083577240491968,0.9158092391304355,0.6983577251184253,1.960263729095459,119.87094068527222,success
1800,8000,full,8000,39011,0,0,124738.35167024205,40811856949.36352,0.6192598518867405,1.089657411048366,0.9182343220338981,0.708277699791773,2.255608558654785,145.18827772140503,success
1800,9000,full,9000,39011,0,0,124736.80082881269,40649264675.7483,0.6207767004441374,1.081450553105997,0.9106721153846149,0.7065430677300597,2.509024143218994,173.79730415344238,success
1800,10000,full,10000,39011,0,0,124104.05475178473,40371345635.25104,0.6233694503102782,1.0873414720704448,0.9152979403409097,0.7085267937679532,2.679654836654663,202.62503671646118,success
1900,25,full,25,39011,0,0,168438.9576121158,76822975693.524,0.28330653563878505,0.9242643802851052,0.7829537760416662,0.6212588834883583,0.4214363098144531,12.003392934799194,success
1900,50,full,50,39011,0,0,161429.21609129477,65329754489.76828,0.39052858017465986,0.9853308197839888,0.8412953124999997,0.6624457494088167,0.4407384395599365,12.46841812133789,success
1900,75,full,75,39011,0,0,156465.99506329146,58085793268.59216,0.4581086187820509,1.1612123611276055,0.9945195884146341,0.800036426090119,0.44398951530456543,12.265938997268677,success
1900,100,full,100,39011,0,0,149053.87583089544,54374677781.833916,0.4927301911806521,1.182585291757746,1.0073350961538463,0.7859241028786726,0.47455549240112305,12.374974012374878,success
1900,200,full,200,39011,0,0,150588.65369282864,59098871331.325226,0.44865745628939946,0.9859186254398266,0.835193461345382,0.6753132431901425,0.35361599922180176,16.167107105255127,success
1900,300,full,300,39011,0,0,141308.43522820488,52242134171.628494,0.5126250215240742,1.1336039114766352,0.9469161805555548,0.7545800486162167,0.3818974494934082,17.76473617553711,success
1900,400,full,400,39011,0,0,137752.86256039963,48835361061.01167,0.5444073366569989,1.1986901234429994,0.9923357862903226,0.8200908191207291,0.41996240615844727,28.6813645362854,success
1900,500,full,500,39011,0,0,137389.6464422695,49331460147.33124,0.5397791512784577,1.1487336147756415,0.9505189236111119,0.7820057255517969,0.44148874282836914,34.07980966567993,success
1900,600,full,600,39011,0,0,135793.97076665875,48457995593.46534,0.5479278376767072,1.122192224007374,0.9337948412698415,0.7540767729551655,0.46407556533813477,42.46605348587036,success
1900,700,full,700,39011,0,0,135424.46249415228,48167308818.906944,0.5506396997156546,1.1198957831849026,0.936742653508772,0.7429887615562254,0.49377870559692383,50.45653247833252,success
1900,800,full,800,39011,0,0,135002.20421683948,48192346079.53755,0.5504061232250608,1.1085585186950981,0.9264870872641513,0.7299944425029071,0.5102355480194092,58.97086238861084,success
1900,900,full,900,39011,0,0,134486.5923665761,47581770344.36547,0.5561022790292971,1.0988591467234443,0.9167413625776397,0.7291879599132172,0.5458934307098389,67.18127751350403,success
1900,1000,full,1000,39011,0,0,133141.92419445797,46964580028.43339,0.5618601432841289,1.1203382875343522,0.9359705357142855,0.736971772751768,0.573082447052002,76.73583817481995,success
1900,2000,full,2000,39011,0,0,129872.57956049255,44728106952.265144,0.5827245477469818,1.083612599590251,0.9063927272727271,0.7109458792617857,0.7299108505249023,29.198074102401733,success
1900,3000,full,3000,39011,0,0,129353.33177501218,44689859487.11106,0.5830813642860035,1.0738794872098487,0.9001399532710285,0.6917908557363343,0.9949450492858887,42.27443528175354,success
1900,4000,full,4000,39011,0,0,126393.32323735613,42376684109.065674,0.6046613364284543,1.095596701081948,0.9171597877358495,0.7074499621084488,1.2486329078674316,57.87984251976013,success
1900,5000,full,5000,39011,0,0,124709.98577204187,41149945598.86153,0.6161057703989758,1.1180398453387277,0.9313933634020626,0.7281156769662295,1.4921579360961914,76.82182240486145,success
1900,6000,full,6000,39011,0,0,124498.05634027903,41024832661.34321,0.6172729684125511,1.1031875564402949,0.9225664574235815,0.7168508182879211,1.6928045749664307,95.40255403518677,success
1900,7000,full,7000,39011,0,0,125396.67736023173,41511896893.258545,0.6127290705930962,1.0734926341458757,0.9041993634259267,0.6874840141790478,1.9234836101531982,119.58262419700623,success
1900,8000,full,8000,39011,0,0,124737.54987815936,41469296698.550835,0.6131264944217348,1.0891852535153677,0.9154127893518527,0.6954307919878988,2.2198374271392822,145.4062147140503,success
1900,9000,full,9000,39011,0,0,124038.83327398842,41050353313.16773,0.6170348822904794,1.0990491949848726,0.9260340965346534,0.6999489754445791,2.398350238800049,172.99848866462708,success
1900,10000,full,10000,39011,0,0,123027.37624724436,40326483817.91412,0.6237879731674636,1.1194446434241478,0.9410235745614035,0.7162096786963106,2.6842944622039795,202.95022225379944,success
